game_id,sport,league,match_date,match_time,home_team,away_team,market,side,odds,american_odds,ev,kelly,model_prob,edge,model_prob_source,model_prob_underlying_source,ml_predictability,ml_predictability_source,ml_skip_prob,ml_skip_prob_source,ev_prob,ev_prob_source,kelly_prob,kelly_prob_source,fair_odds_prob,fair_odds_prob_source,fair_odds,edge_prob,edge_prob_source,edge_fair_odds,game_date,league_lower,market_type,take_bet,odds_decimal,odds_american,edge_pct,score_league,score_game_date,score_match_time,score_home_team,score_away_team,home_score,away_score,bet_result,selected_ev,selected_kelly,selected_model_prob,selected_odds_decimal,selected_odds_american,ev_bucket,ev_sort,kelly_bucket,kelly_sort,odds_bucket,odds_sort,month_bucket,month_sort,model_prob_bucket,model_prob_sort,selected_win_prob,win_prob_bucket,win_prob_sort
33673481,soccer,bundesliga,2026_04_10,06:30 PM,Augsburg,Hoffenheim,btts,yes,1.499,-200,0.0910864679922343,0.1825380120084855,0.7278762294811436,0.0910864679922343,ml_btts_yes_prob,ml_btts_yes_prob,0.7192487161253732,ml_btts_predictability,0.2584752459512393,ml_btts_skip_prob,,,,,,,,,,,2026_04_10,bundesliga,btts,btts_yes,1.499,-200,0.0910864679922343,bundesliga,2026_04_10,02:30 PM,Augsburg,Hoffenheim,2.0,2.0,Win,0.0910864679922343,0.1825380120084855,0.7278762294811436,1.499,-200,0.05_to_0.10,0.05,0.15_to_0.20,0.15,-249_to_-200,-249.0,04,4,0.7_to_0.8,0.7,,missing,
33550037,soccer,epl,2026_04_10,08:00 PM,West Ham,Wolverhampton,match_odds,home,1.84,-119,0.0851300519338956,0.1013452999213042,0.5897445934423345,0.0851300519338955,engine_home_prob,ml_home_prob,0.6609536777959925,ml_1x2_predictability,0.2498758253594736,ml_1x2_skip_prob,0.5897445934423345,engine_home_prob,0.5897445934423345,engine_home_prob,0.5897445934423345,engine_home_prob,1.6956492880468947,0.5897445934423345,engine_home_prob,1.6956492880468947,2026_04_10,epl,match_odds,home,1.84,-119,0.0851300519338955,epl,2026_04_10,03:00 PM,West Ham,Wolverhampton,4.0,0.0,Win,0.0851300519338956,0.1013452999213042,0.5897445934423345,1.84,-119,0.05_to_0.10,0.05,0.10_to_0.15,0.1,-149_to_-100,-149.0,04,4,0.5_to_0.6,0.5,0.5897445934423345,0.5_to_0.6,0.5
33674548,soccer,laliga,2026_04_10,07:00 PM,Real Madrid,Girona,total25,under,2.845,185,0.0094750832094502,0.0051355464549866,0.3548242823231811,0.0094750832094502,ml_under25_prob,ml_under25_prob,0.5450701153403087,ml_over25_predictability,0.1511651332806457,ml_over25_skip_prob,,,,,,,,,,,2026_04_10,laliga,total25,under25,2.845,185,0.0094750832094502,laliga,2026_04_10,03:00 PM,Real Madrid,Girona,1.0,1.0,Win,0.0094750832094502,0.0051355464549866,0.3548242823231811,2.845,185,0.00_to_0.05,0.0,0.00_to_0.05,0.0,+150_to_+199,150.0,04,4,0.3_to_0.4,0.3,,missing,
33675934,soccer,ligue1,2026_04_10,05:00 PM,Paris FC,Monaco,btts,no,2.43,143,0.1871644059874567,0.1308841999912284,0.4885450230401056,0.1871644059874567,ml_btts_no_prob,ml_btts_no_prob,0.5268527358014606,ml_btts_predictability,0.4986843238327763,ml_btts_skip_prob,,,,,,,,,,,2026_04_10,ligue1,btts,btts_no,2.43,143,0.1871644059874567,ligue1,2026_04_10,01:00 PM,Paris FC,Monaco,4.0,1.0,Loss,0.1871644059874567,0.1308841999912284,0.4885450230401056,2.43,143,0.15_to_0.20,0.15,0.10_to_0.15,0.1,+100_to_+149,100.0,04,4,0.4_to_0.5,0.4,,missing,
33675935,soccer,ligue1,2026_04_10,07:05 PM,Marseille,Metz,match_odds,home,1.23,-435,0.0071236429182429,0.0309723605141003,0.8187997096896285,0.0071236429182428,engine_home_prob,ml_home_prob,0.8486723776735265,ml_1x2_predictability,0.3532114350713639,ml_1x2_skip_prob,0.8187997096896285,engine_home_prob,0.8187997096896285,engine_home_prob,0.8187997096896285,engine_home_prob,1.221299895647321,0.8187997096896285,engine_home_prob,1.221299895647321,2026_04_10,ligue1,match_odds,home,1.23,-435,0.0071236429182428,ligue1,2026_04_10,03:05 PM,Marseille,Metz,3.0,1.0,Win,0.0071236429182429,0.0309723605141003,0.8187997096896285,1.23,-435,0.00_to_0.05,0.0,0.00_to_0.05,0.0,-300_or_lower,-10000.0,04,4,0.8_to_0.9,0.8,0.8187997096896285,0.8_to_0.9,0.8
33676041,soccer,seriea,2026_04_10,06:45 PM,Roma,Pisa,total35,under,1.379,-264,0.011319427222085,0.0298665625912536,0.7333715933445142,0.011319427222085,ml_under35_prob,ml_under35_prob,0.6679772541435954,ml_over35_predictability,0.2820399429363874,ml_over35_skip_prob,,,,,,,,,,,2026_04_10,seriea,total35,under35,1.379,-264,0.011319427222085,seriea,2026_04_10,02:45 PM,Roma,Pisa,3.0,0.0,Win,0.011319427222085,0.0298665625912536,0.7333715933445142,1.379,-264,0.00_to_0.05,0.0,0.00_to_0.05,0.0,-299_to_-250,-299.0,04,4,0.7_to_0.8,0.7,,missing,
33674588,soccer,laliga,2026_04_11,07:00 PM,Sevilla,Atletico Madrid,total35,under,4.409,341,2.5860893575820905,0.7586064410625083,0.8133566245366501,2.5860893575820905,ml_under35_prob,ml_under35_prob,0.558305131111738,ml_over35_predictability,0.2127651007176146,ml_over35_skip_prob,,,,,,,,,,,2026_04_11,laliga,total35,under35,4.409,341,2.5860893575820905,laliga,2026_04_11,03:00 PM,Sevilla,Atletico Madrid,2.0,1.0,Win,2.5860893575820905,0.7586064410625083,0.8133566245366501,4.409,341,2.55_to_2.60,2.55,0.75_to_0.80,0.75,+300_or_higher,300.0,04,4,0.8_to_0.9,0.8,,missing,
33675944,soccer,ligue1,2026_04_11,07:05 PM,Rennes,Angers,btts,yes,2.4,140,0.1790130776147488,0.1278664840105349,0.4912554490061454,0.1790130776147488,ml_btts_yes_prob,ml_btts_yes_prob,0.5679141624762096,ml_btts_predictability,0.0840954454140415,ml_btts_skip_prob,,,,,,,,,,,2026_04_11,ligue1,btts,btts_yes,2.4,140,0.1790130776147488,ligue1,2026_04_11,03:05 PM,Rennes,Angers,2.0,1.0,Win,0.1790130776147488,0.1278664840105349,0.4912554490061454,2.4,140,0.15_to_0.20,0.15,0.10_to_0.15,0.1,+100_to_+149,100.0,04,4,0.4_to_0.5,0.4,,missing,
33675944,soccer,ligue1,2026_04_11,07:05 PM,Rennes,Angers,match_odds,home,1.01,-10000,0.0099928507431311,0.9992850743131044,0.9999929215278526,0.009992850743131,engine_home_prob,ml_home_prob,0.999999943122457,ml_1x2_predictability,0.0096646423395977,ml_1x2_skip_prob,0.9999929215278526,engine_home_prob,0.9999929215278526,engine_home_prob,0.9999929215278526,engine_home_prob,1.0000070785222526,0.9999929215278526,engine_home_prob,1.0000070785222526,2026_04_11,ligue1,match_odds,home,1.01,-10000,0.009992850743131,ligue1,2026_04_11,03:05 PM,Rennes,Angers,2.0,1.0,Win,0.0099928507431311,0.9992850743131044,0.9999929215278526,1.01,-10000,0.00_to_0.05,0.0,0.95_to_1.00,0.95,-300_or_lower,-10000.0,04,4,0.9_to_1.0,0.9,0.9999929215278526,0.9_to_1.0,0.9
33780278,soccer,mls,2026_04_11,11:30 PM,Charlotte FC,Nashville SC,btts,yes,1.662,-151,0.1949939190149306,0.2945527477566927,0.7190095782279968,0.1949939190149306,ml_btts_yes_prob,ml_btts_yes_prob,0.5502759218215942,ml_btts_predictability,0.1204079240560531,ml_btts_skip_prob,,,,,,,,,,,2026_04_11,mls,btts,btts_yes,1.662,-151,0.1949939190149306,mls,2026_04_11,07:30 PM,Charlotte FC,Nashville SC,1.0,2.0,Win,0.1949939190149306,0.2945527477566927,0.7190095782279968,1.662,-151,0.15_to_0.20,0.15,0.25_to_0.30,0.25,-199_to_-150,-199.0,04,4,0.7_to_0.8,0.7,,missing,
33780277,soccer,mls,2026_04_11,11:30 PM,Inter Miami,New York Red Bulls,btts,yes,1.493,-203,0.1019481375217438,0.2067913539994805,0.7380764484405518,0.1019481375217438,ml_btts_yes_prob,ml_btts_yes_prob,0.5505180358886719,ml_btts_predictability,0.2670261263847351,ml_btts_skip_prob,,,,,,,,,,,2026_04_11,mls,btts,btts_yes,1.493,-203,0.1019481375217438,mls,2026_04_11,07:30 PM,Inter Miami,New York Red Bulls,2.0,2.0,Win,0.1019481375217438,0.2067913539994805,0.7380764484405518,1.493,-203,0.10_to_0.15,0.1,0.20_to_0.25,0.2,-249_to_-200,-249.0,04,4,0.7_to_0.8,0.7,,missing,
33780392,soccer,mls,2026_04_11,11:30 PM,Vancouver Whitecaps,New York City FC,btts,yes,1.675,-148,0.0660878822207451,0.0979079736603631,0.636470377445221,0.0660878822207451,ml_btts_yes_prob,ml_btts_yes_prob,0.6116628050804138,ml_btts_predictability,0.3224794268608093,ml_btts_skip_prob,,,,,,,,,,,2026_04_11,mls,btts,btts_yes,1.675,-148,0.0660878822207451,mls,2026_04_11,07:30 PM,Vancouver Whitecaps,New York City FC,2.0,0.0,Loss,0.0660878822207451,0.0979079736603631,0.636470377445221,1.675,-148,0.05_to_0.10,0.05,0.05_to_0.10,0.05,-149_to_-100,-149.0,04,4,0.6_to_0.7,0.6,,missing,
33780276,soccer,mls,2026_04_11,08:45 PM,Portland Timbers,Los Angeles FC,total25,under,2.444,144,0.1047783659963944,0.0725611952883618,0.452036974630276,0.1047783659963944,ml_under25_prob,ml_under25_prob,0.5667971143215316,ml_over25_predictability,0.1948607267285158,ml_over25_skip_prob,,,,,,,,,,,2026_04_11,mls,total25,under25,2.444,144,0.1047783659963944,mls,2026_04_11,04:45 PM,Portland Timbers,Los Angeles FC,2.0,1.0,Loss,0.1047783659963944,0.0725611952883618,0.452036974630276,2.444,144,0.10_to_0.15,0.1,0.05_to_0.10,0.05,+100_to_+149,100.0,04,4,0.4_to_0.5,0.4,,missing,
33673484,soccer,bundesliga,2026_04_12,01:30 PM,Koln,Werder Bremen,btts,yes,1.578,-173,0.1560575702394927,0.2699957962620983,0.7326093601010727,0.1560575702394927,ml_btts_yes_prob,ml_btts_yes_prob,0.7230359062405238,ml_btts_predictability,0.2979746902640184,ml_btts_skip_prob,,,,,,,,,,,2026_04_12,bundesliga,btts,btts_yes,1.578,-173,0.1560575702394927,bundesliga,2026_04_12,09:30 AM,Koln,Werder Bremen,3.0,1.0,Win,0.1560575702394927,0.2699957962620983,0.7326093601010727,1.578,-173,0.15_to_0.20,0.15,0.25_to_0.30,0.25,-199_to_-150,-199.0,04,4,0.7_to_0.8,0.7,,missing,
33673482,soccer,bundesliga,2026_04_12,03:30 PM,VfB Stuttgart,Hamburg,btts,no,2.262,126,0.210260343994326,0.1666088304233962,0.5350399398737073,0.210260343994326,ml_btts_no_prob,ml_btts_no_prob,0.5285472619703203,ml_btts_predictability,0.3316199888151334,ml_btts_skip_prob,,,,,,,,,,,2026_04_12,bundesliga,btts,btts_no,2.262,126,0.210260343994326,bundesliga,2026_04_12,11:30 AM,VfB Stuttgart,Hamburg,4.0,0.0,Win,0.210260343994326,0.1666088304233962,0.5350399398737073,2.262,126,0.20_to_0.25,0.2,0.15_to_0.20,0.15,+100_to_+149,100.0,04,4,0.5_to_0.6,0.5,,missing,
33550031,soccer,epl,2026_04_12,04:30 PM,Chelsea,Manchester City,btts,no,2.74,174,0.1510213368373117,0.0867938717455814,0.420080779867632,0.1510213368373117,ml_btts_no_prob,ml_btts_no_prob,0.5642659507109301,ml_btts_predictability,0.2500337703729552,ml_btts_skip_prob,,,,,,,,,,,2026_04_12,epl,btts,btts_no,2.74,174,0.1510213368373117,epl,2026_04_12,11:30 AM,Chelsea,Manchester City,0.0,3.0,Win,0.1510213368373117,0.0867938717455814,0.420080779867632,2.74,174,0.15_to_0.20,0.15,0.05_to_0.10,0.05,+150_to_+199,150.0,04,4,0.4_to_0.5,0.4,,missing,
33642702,soccer,epl,2026_04_12,02:00 PM,Nottingham Forest,Aston Villa,total35,over,3.43,243,0.5454674183788775,0.2244721886332829,0.4505735913641042,0.5454674183788775,ml_over35_prob,ml_over35_prob,0.7063128352165222,ml_over35_predictability,0.3606798648834228,ml_over35_skip_prob,,,,,,,,,,,2026_04_12,epl,total35,over35,3.43,243,0.5454674183788775,epl,2026_04_12,09:00 AM,Nottingham Forest,Aston Villa,1.0,1.0,Loss,0.5454674183788775,0.2244721886332829,0.4505735913641042,3.43,243,0.50_to_0.55,0.5,0.20_to_0.25,0.2,+200_to_+249,200.0,04,4,0.4_to_0.5,0.4,,missing,
33674617,soccer,laliga,2026_04_12,07:00 PM,Athletic Club,Villarreal,btts,yes,1.759,-132,0.0971434123030836,0.1279886855113091,0.6237313316106218,0.0971434123030836,ml_btts_yes_prob,ml_btts_yes_prob,0.6473720888233334,ml_btts_predictability,0.1801943742616158,ml_btts_skip_prob,,,,,,,,,,,2026_04_12,laliga,btts,btts_yes,1.759,-132,0.0971434123030836,laliga,2026_04_12,03:00 PM,Athletic Club,Villarreal,1.0,2.0,Win,0.0971434123030836,0.1279886855113091,0.6237313316106218,1.759,-132,0.05_to_0.10,0.05,0.10_to_0.15,0.1,-149_to_-100,-149.0,04,4,0.6_to_0.7,0.6,,missing,
33675988,soccer,ligue1,2026_04_12,03:15 PM,Nice,Le Havre,total35,under,1.385,-260,0.0561872500180002,0.145940909137663,0.7625900722151626,0.0561872500180002,ml_under35_prob,ml_under35_prob,0.664,ml_over35_predictability,0.2521457444812222,ml_over35_skip_prob,,,,,,,,,,,2026_04_12,ligue1,total35,under35,1.385,-260,0.0561872500180002,ligue1,2026_04_12,11:15 AM,Nice,Le Havre,1.0,1.0,Win,0.0561872500180002,0.145940909137663,0.7625900722151626,1.385,-260,0.05_to_0.10,0.05,0.10_to_0.15,0.1,-299_to_-250,-299.0,04,4,0.7_to_0.8,0.7,,missing,
33676097,soccer,seriea,2026_04_12,01:00 PM,Parma,Napoli,match_odds,away,1.57,-175,0.0465004821636489,0.0815797932695596,0.6665608166647445,0.0465004821636489,engine_away_prob,ml_away_prob,0.6462221400883847,ml_1x2_predictability,0.1939725925035496,ml_1x2_skip_prob,0.6665608166647445,engine_away_prob,0.6665608166647445,engine_away_prob,0.6665608166647445,engine_away_prob,1.500238200324582,0.6665608166647445,engine_away_prob,1.500238200324582,2026_04_12,seriea,match_odds,away,1.57,-175,0.0465004821636489,seriea,2026_04_12,09:00 AM,Parma,Napoli,1.0,1.0,Loss,0.0465004821636489,0.0815797932695596,0.6665608166647445,1.57,-175,0.00_to_0.05,0.0,0.05_to_0.10,0.05,-199_to_-150,-199.0,04,4,0.6_to_0.7,0.6,0.6665608166647445,0.6_to_0.7,0.6
33676103,soccer,seriea,2026_04_12,04:00 PM,Bologna,Lecce,total25,under,1.689,-145,0.045369290712636,0.0658480271591236,0.618927940031164,0.045369290712636,ml_under25_prob,ml_under25_prob,0.5689670422318562,ml_over25_predictability,0.1933779037448916,ml_over25_skip_prob,,,,,,,,,,,2026_04_12,seriea,total25,under25,1.689,-145,0.045369290712636,seriea,2026_04_12,12:00 PM,Bologna,Lecce,2.0,0.0,Win,0.045369290712636,0.0658480271591236,0.618927940031164,1.689,-145,0.00_to_0.05,0.0,0.05_to_0.10,0.05,-149_to_-100,-149.0,04,4,0.6_to_0.7,0.6,,missing,
33676110,soccer,seriea,2026_04_12,06:45 PM,Como,Inter Milan,total35,under,1.345,-290,0.0226820037935028,0.0657449385318925,0.7603583671327159,0.0226820037935028,ml_under35_prob,ml_under35_prob,0.7700276462882628,ml_over35_predictability,0.2338560401136786,ml_over35_skip_prob,,,,,,,,,,,2026_04_12,seriea,total35,under35,1.345,-290,0.0226820037935028,seriea,2026_04_12,02:45 PM,Como,Inter Milan,3.0,4.0,Loss,0.0226820037935028,0.0657449385318925,0.7603583671327159,1.345,-290,0.00_to_0.05,0.0,0.05_to_0.10,0.05,-299_to_-250,-299.0,04,4,0.7_to_0.8,0.7,,missing,
33676283,soccer,seriea,2026_04_13,06:45 PM,Fiorentina,Lazio,total35,under,1.3,-333,0.0146054889848095,0.0486849632826983,0.7804657607575458,0.0146054889848095,ml_under35_prob,ml_under35_prob,0.8208304305747816,ml_over35_predictability,0.181475064812455,ml_over35_skip_prob,,,,,,,,,,,2026_04_13,seriea,total35,under35,1.3,-333,0.0146054889848095,seriea,2026_04_13,02:45 PM,Fiorentina,Lazio,1.0,0.0,Win,0.0146054889848095,0.0486849632826983,0.7804657607575458,1.3,-333,0.00_to_0.05,0.0,0.00_to_0.05,0.0,-300_or_lower,-10000.0,04,4,0.7_to_0.8,0.7,,missing,
33891336,soccer,mls,2026_04_17,10:30 PM,Vancouver Whitecaps,Sporting Kansas City,btts,yes,1.643,-156,0.032210837483406,0.0500946150597294,0.6282476186752319,0.032210837483406,ml_btts_yes_prob,ml_btts_yes_prob,0.669136643409729,ml_btts_predictability,0.2539350986480713,ml_btts_skip_prob,,,,,,,,,,,2026_04_17,mls,btts,btts_yes,1.643,-156,0.032210837483406,mls,2026_04_17,10:30 PM,Vancouver Whitecaps,Sporting Kansas City,3.0,0.0,Loss,0.032210837483406,0.0500946150597294,0.6282476186752319,1.643,-156,0.00_to_0.05,0.0,0.05_to_0.10,0.05,-199_to_-150,-199.0,04,4,0.6_to_0.7,0.6,,missing,
33890624,soccer,bundesliga,2026_04_18,01:30 PM,Hoffenheim,Borussia Dortmund,btts,yes,1.428,-234,0.1495677807840134,0.3494574317383492,0.8050194543305417,0.1495677807840134,ml_btts_yes_prob,ml_btts_yes_prob,0.8539210764029196,ml_btts_predictability,0.2391161669504189,ml_btts_skip_prob,,,,,,,,,,,2026_04_18,bundesliga,btts,btts_yes,1.428,-234,0.1495677807840134,bundesliga,2026_04_18,09:30 AM,Hoffenheim,Borussia Dortmund,2.0,1.0,Win,0.1495677807840134,0.3494574317383492,0.8050194543305417,1.428,-234,0.10_to_0.15,0.1,0.30_to_0.35,0.3,-249_to_-200,-249.0,04,4,0.8_to_0.9,0.8,,missing,
33890625,soccer,bundesliga,2026_04_18,01:30 PM,Werder Bremen,Hamburg,btts,yes,1.613,-163,0.0606037107194034,0.0988641284166448,0.6575348485551168,0.0606037107194034,ml_btts_yes_prob,ml_btts_yes_prob,0.5855936534131723,ml_btts_predictability,0.2441023074815727,ml_btts_skip_prob,,,,,,,,,,,2026_04_18,bundesliga,btts,btts_yes,1.613,-163,0.0606037107194034,bundesliga,2026_04_18,09:30 AM,Werder Bremen,Hamburg,3.0,1.0,Win,0.0606037107194034,0.0988641284166448,0.6575348485551168,1.613,-163,0.05_to_0.10,0.05,0.05_to_0.10,0.05,-199_to_-150,-199.0,04,4,0.6_to_0.7,0.6,,missing,
33890626,soccer,bundesliga,2026_04_18,01:30 PM,Leverkusen,Augsburg,btts,no,2.276,128,0.1777009779372544,0.1392640892925192,0.5174433119232226,0.1777009779372544,ml_btts_no_prob,ml_btts_no_prob,0.5237808581417599,ml_btts_predictability,0.2518151356565969,ml_btts_skip_prob,,,,,,,,,,,2026_04_18,bundesliga,btts,btts_no,2.276,128,0.1777009779372544,bundesliga,2026_04_18,09:30 AM,Leverkusen,Augsburg,1.0,2.0,Loss,0.1777009779372544,0.1392640892925192,0.5174433119232226,2.276,128,0.15_to_0.20,0.15,0.10_to_0.15,0.1,+100_to_+149,100.0,04,4,0.5_to_0.6,0.5,,missing,
33890627,soccer,bundesliga,2026_04_18,04:30 PM,Eintracht Frankfurt,RB Leipzig,btts,yes,1.404,-248,0.0658724742223083,0.1630506787680897,0.7591684289332681,0.0658724742223083,ml_btts_yes_prob,ml_btts_yes_prob,0.8162088904428614,ml_btts_predictability,0.248197188854338,ml_btts_skip_prob,,,,,,,,,,,2026_04_18,bundesliga,btts,btts_yes,1.404,-248,0.0658724742223083,bundesliga,2026_04_18,12:30 PM,Eintracht Frankfurt,RB Leipzig,1.0,3.0,Win,0.0658724742223083,0.1630506787680897,0.7591684289332681,1.404,-248,0.05_to_0.10,0.05,0.15_to_0.20,0.15,-249_to_-200,-249.0,04,4,0.7_to_0.8,0.7,,missing,
33657525,soccer,epl,2026_04_18,11:30 AM,Brentford,Fulham,btts,yes,1.655,-153,0.0468693343000271,0.0715562355725603,0.632549446706965,0.0468693343000271,ml_btts_yes_prob,ml_btts_yes_prob,0.5810802289551681,ml_btts_predictability,0.2256179572365554,ml_btts_skip_prob,,,,,,,,,,,2026_04_18,epl,btts,btts_yes,1.655,-153,0.0468693343000271,epl,2026_04_18,07:30 AM,Brentford,Fulham,0.0,0.0,Loss,0.0468693343000271,0.0715562355725603,0.632549446706965,1.655,-153,0.00_to_0.05,0.0,0.05_to_0.10,0.05,-199_to_-150,-199.0,04,4,0.6_to_0.7,0.6,,missing,
33657529,soccer,epl,2026_04_18,02:00 PM,Newcastle,Bournemouth,btts,no,2.753,175,0.1579566375308364,0.0901064675019032,0.4206162867892613,0.1579566375308364,ml_btts_no_prob,ml_btts_no_prob,0.6171426433326406,ml_btts_predictability,0.2356619562807101,ml_btts_skip_prob,,,,,,,,,,,2026_04_18,epl,btts,btts_no,2.753,175,0.1579566375308364,epl,2026_04_18,10:00 AM,Newcastle,Bournemouth,1.0,2.0,Loss,0.1579566375308364,0.0901064675019032,0.4206162867892613,2.753,175,0.15_to_0.20,0.15,0.05_to_0.10,0.05,+150_to_+199,150.0,04,4,0.4_to_0.5,0.4,,missing,
33657527,soccer,epl,2026_04_18,07:00 PM,Chelsea,Manchester United,btts,no,2.793,179,0.1699622396867282,0.0947921024465857,0.4188908842415783,0.1699622396867282,ml_btts_no_prob,ml_btts_no_prob,0.5659808702783079,ml_btts_predictability,0.2718434705953146,ml_btts_skip_prob,,,,,,,,,,,2026_04_18,epl,btts,btts_no,2.793,179,0.1699622396867282,epl,2026_04_18,03:00 PM,Chelsea,Manchester United,0.0,1.0,Win,0.1699622396867282,0.0947921024465857,0.4188908842415783,2.793,179,0.15_to_0.20,0.15,0.05_to_0.10,0.05,+150_to_+199,150.0,04,4,0.4_to_0.5,0.4,,missing,
33657529,soccer,epl,2026_04_18,02:00 PM,Newcastle,Bournemouth,match_odds,home,1.99,-101,0.0774684619111776,0.0782509716274521,0.5414414381463204,0.0774684619111778,engine_home_prob,ml_home_prob,0.6814573952503057,ml_1x2_predictability,0.2446864546208554,ml_1x2_skip_prob,0.5414414381463204,engine_home_prob,0.5414414381463204,engine_home_prob,0.5414414381463204,engine_home_prob,1.8469218082450447,0.5414414381463204,engine_home_prob,1.8469218082450447,2026_04_18,epl,match_odds,home,1.99,-101,0.0774684619111778,epl,2026_04_18,10:00 AM,Newcastle,Bournemouth,1.0,2.0,Loss,0.0774684619111776,0.0782509716274521,0.5414414381463204,1.99,-101,0.05_to_0.10,0.05,0.05_to_0.10,0.05,-149_to_-100,-149.0,04,4,0.5_to_0.6,0.5,0.5414414381463204,0.5_to_0.6,0.5
33657525,soccer,epl,2026_04_18,11:30 AM,Brentford,Fulham,total25,over,1.757,-132,0.2566017994421637,0.3389719939790802,0.715197381583474,0.2566017994421637,ml_over25_prob,ml_over25_prob,0.7135503688188188,ml_over25_predictability,0.151850798345367,ml_over25_skip_prob,,,,,,,,,,,2026_04_18,epl,total25,over25,1.757,-132,0.2566017994421637,epl,2026_04_18,07:30 AM,Brentford,Fulham,0.0,0.0,Loss,0.2566017994421637,0.3389719939790802,0.715197381583474,1.757,-132,0.25_to_0.30,0.25,0.30_to_0.35,0.3,-149_to_-100,-149.0,04,4,0.7_to_0.8,0.7,,missing,
33657520,soccer,epl,2026_04_18,02:00 PM,Leeds,Wolverhampton,total25,over,1.942,-106,0.3649234776907153,0.3873922268478931,0.7028442212619543,0.3649234776907153,ml_over25_prob,ml_over25_prob,0.6880856817926609,ml_over25_predictability,0.1374866724407642,ml_over25_skip_prob,,,,,,,,,,,2026_04_18,epl,total25,over25,1.942,-106,0.3649234776907153,epl,2026_04_18,10:00 AM,Leeds,Wolverhampton,3.0,0.0,Win,0.3649234776907153,0.3873922268478931,0.7028442212619543,1.942,-106,0.35_to_0.40,0.35,0.35_to_0.40,0.35,-149_to_-100,-149.0,04,4,0.7_to_0.8,0.7,,missing,
33657520,soccer,epl,2026_04_18,02:00 PM,Leeds,Wolverhampton,total35,over,3.258,226,0.6410382362123247,0.2838964730789747,0.5036949773518492,0.6410382362123247,ml_over35_prob,ml_over35_prob,0.6362742185592651,ml_over35_predictability,0.396697074174881,ml_over35_skip_prob,,,,,,,,,,,2026_04_18,epl,total35,over35,3.258,226,0.6410382362123247,epl,2026_04_18,10:00 AM,Leeds,Wolverhampton,3.0,0.0,Loss,0.6410382362123247,0.2838964730789747,0.5036949773518492,3.258,226,0.60_to_0.65,0.6,0.25_to_0.30,0.25,+200_to_+249,200.0,04,4,0.5_to_0.6,0.5,,missing,
33890598,soccer,ligue1,2026_04_18,03:00 PM,Lorient,Marseille,btts,no,2.238,124,0.0697697430999904,0.0563568199515269,0.4780025661751521,0.0697697430999904,ml_btts_no_prob,ml_btts_no_prob,0.6862845091375083,ml_btts_predictability,0.3643215697693889,ml_btts_skip_prob,,,,,,,,,,,2026_04_18,ligue1,btts,btts_no,2.238,124,0.0697697430999904,ligue1,2026_04_18,11:00 AM,Lorient,Marseille,2.0,0.0,Win,0.0697697430999904,0.0563568199515269,0.4780025661751521,2.238,124,0.05_to_0.10,0.05,0.05_to_0.10,0.05,+100_to_+149,100.0,04,4,0.4_to_0.5,0.4,,missing,
33891299,soccer,mls,2026_04_18,06:30 PM,CF Montreal,New York Red Bulls,total25,under,2.374,137,0.0731808439137993,0.0532611673317316,0.4520559578406905,0.0731808439137993,ml_under25_prob,ml_under25_prob,0.5451047423935236,ml_over25_predictability,0.1991746935177198,ml_over25_skip_prob,,,,,,,,,,,2026_04_18,mls,total25,under25,2.374,137,0.0731808439137993,mls,2026_04_18,02:30 PM,CF Montreal,New York Red Bulls,4.0,1.0,Loss,0.0731808439137993,0.0532611673317316,0.4520559578406905,2.374,137,0.05_to_0.10,0.05,0.05_to_0.10,0.05,+100_to_+149,100.0,04,4,0.4_to_0.5,0.4,,missing,
33891346,soccer,mls,2026_04_18,08:30 PM,Colorado Rapids,Inter Miami,total25,under,2.895,190,0.3017750498140997,0.1592480473953033,0.4496632296421761,0.3017750498140997,ml_under25_prob,ml_under25_prob,0.6614327612145943,ml_over25_predictability,0.1877425150983458,ml_over25_skip_prob,,,,,,,,,,,2026_04_18,mls,total25,under25,2.895,190,0.3017750498140997,mls,2026_04_18,04:30 PM,Colorado Rapids,Inter Miami,2.0,3.0,Loss,0.3017750498140997,0.1592480473953033,0.4496632296421761,2.895,190,0.30_to_0.35,0.3,0.15_to_0.20,0.15,+150_to_+199,150.0,04,4,0.4_to_0.5,0.4,,missing,
33891323,soccer,mls,2026_04_18,11:30 PM,FC Cincinnati,Chicago Fire,total25,under,2.355,136,0.0603702693901273,0.0445537043469574,0.4502633840297781,0.0603702693901273,ml_under25_prob,ml_under25_prob,0.5467836147855285,ml_over25_predictability,0.1990111708662789,ml_over25_skip_prob,,,,,,,,,,,2026_04_18,mls,total25,under25,2.355,136,0.0603702693901273,mls,2026_04_18,07:30 PM,FC Cincinnati,Chicago Fire,3.0,3.0,Loss,0.0603702693901273,0.0445537043469574,0.4502633840297781,2.355,136,0.05_to_0.10,0.05,0.00_to_0.05,0.0,+100_to_+149,100.0,04,4,0.4_to_0.5,0.4,,missing,
33891337,soccer,mls,2026_04_18,11:30 PM,Orlando City,Houston Dynamo,total25,under,2.482,148,0.0994082901664566,0.0670771188707535,0.4429525746037295,0.0994082901664566,ml_under25_prob,ml_under25_prob,0.6222026259555825,ml_over25_predictability,0.2029341081124643,ml_over25_skip_prob,,,,,,,,,,,2026_04_18,mls,total25,under25,2.482,148,0.0994082901664566,mls,2026_04_18,07:30 PM,Orlando City,Houston Dynamo,0.0,1.0,Win,0.0994082901664566,0.0670771188707535,0.4429525746037295,2.482,148,0.05_to_0.10,0.05,0.05_to_0.10,0.05,+100_to_+149,100.0,04,4,0.4_to_0.5,0.4,,missing,
33890628,soccer,bundesliga,2026_04_19,01:30 PM,Freiburg,Heidenheim,btts,yes,1.652,-153,0.0401113980017076,0.0615205490823736,0.6296073837782734,0.0401113980017076,ml_btts_yes_prob,ml_btts_yes_prob,0.6445791809328096,ml_btts_predictability,0.2371587405913463,ml_btts_skip_prob,,,,,,,,,,,2026_04_19,bundesliga,btts,btts_yes,1.652,-153,0.0401113980017076,bundesliga,2026_04_19,09:30 AM,Freiburg,Heidenheim,2.0,1.0,Win,0.0401113980017076,0.0615205490823736,0.6296073837782734,1.652,-153,0.00_to_0.05,0.0,0.05_to_0.10,0.05,-199_to_-150,-199.0,04,4,0.6_to_0.7,0.6,,missing,
33890629,soccer,bundesliga,2026_04_19,03:30 PM,Bayern Munich,VfB Stuttgart,total35,under,2.295,130,0.5257498939568354,0.4059844740979423,0.6648147686086429,0.5257498939568354,ml_under35_prob,ml_under35_prob,0.5999964475631714,ml_over35_predictability,0.1898047775030136,ml_over35_skip_prob,,,,,,,,,,,2026_04_19,bundesliga,total35,under35,2.295,130,0.5257498939568354,bundesliga,2026_04_19,11:30 AM,Bayern Munich,VfB Stuttgart,4.0,2.0,Loss,0.5257498939568354,0.4059844740979423,0.6648147686086429,2.295,130,0.50_to_0.55,0.5,0.40_to_0.45,0.4,+100_to_+149,100.0,04,4,0.6_to_0.7,0.6,,missing,
33657523,soccer,epl,2026_04_19,02:00 PM,Aston Villa,Sunderland,total25,over,1.942,-106,0.4328181259938641,0.4594672250465649,0.7378054201822164,0.4328181259938641,ml_over25_prob,ml_over25_prob,0.8613077414764228,ml_over25_predictability,0.1669436410524034,ml_over25_skip_prob,,,,,,,,,,,2026_04_19,epl,total25,over25,1.942,-106,0.4328181259938641,epl,2026_04_19,09:00 AM,Aston Villa,Sunderland,4.0,3.0,Win,0.4328181259938641,0.4594672250465649,0.7378054201822164,1.942,-106,0.40_to_0.45,0.4,0.45_to_0.50,0.45,-149_to_-100,-149.0,04,4,0.7_to_0.8,0.7,,missing,
33657526,soccer,epl,2026_04_19,03:30 PM,Manchester City,Arsenal,total25,over,1.924,-108,0.2724976491377029,0.2949108756901547,0.6613813145206356,0.2724976491377029,ml_over25_prob,ml_over25_prob,0.8227762938377509,ml_over25_predictability,0.1902458297959832,ml_over25_skip_prob,,,,,,,,,,,2026_04_19,epl,total25,over25,1.924,-108,0.2724976491377029,epl,2026_04_19,11:30 AM,Manchester City,Arsenal,2.0,1.0,Win,0.2724976491377029,0.2949108756901547,0.6613813145206356,1.924,-108,0.25_to_0.30,0.25,0.25_to_0.30,0.25,-149_to_-100,-149.0,04,4,0.6_to_0.7,0.6,,missing,
33657523,soccer,epl,2026_04_19,02:00 PM,Aston Villa,Sunderland,total35,over,3.248,225,0.6274546457490762,0.2791168352976317,0.5010636224596909,0.6274546457490762,ml_over35_prob,ml_over35_prob,0.5730535984039307,ml_over35_predictability,0.4455790221691131,ml_over35_skip_prob,,,,,,,,,,,2026_04_19,epl,total35,over35,3.248,225,0.6274546457490762,epl,2026_04_19,09:00 AM,Aston Villa,Sunderland,4.0,3.0,Win,0.6274546457490762,0.2791168352976317,0.5010636224596909,3.248,225,0.60_to_0.65,0.6,0.25_to_0.30,0.25,+200_to_+249,200.0,04,4,0.5_to_0.6,0.5,,missing,
33890616,soccer,ligue1,2026_04_19,03:15 PM,Strasbourg,Rennes,btts,no,2.396,140,0.1215066803448923,0.0870391693014988,0.4680745744344292,0.1215066803448923,ml_btts_no_prob,ml_btts_no_prob,0.7529803590189131,ml_btts_predictability,0.1401788966930779,ml_btts_skip_prob,,,,,,,,,,,2026_04_19,ligue1,btts,btts_no,2.396,140,0.1215066803448923,ligue1,2026_04_19,11:15 AM,Strasbourg,Rennes,0.0,3.0,Win,0.1215066803448923,0.0870391693014988,0.4680745744344292,2.396,140,0.10_to_0.15,0.1,0.05_to_0.10,0.05,+100_to_+149,100.0,04,4,0.4_to_0.5,0.4,,missing,
33890516,soccer,seriea,2026_04_19,01:00 PM,Verona,Milan,match_odds,away,1.531,-188,0.0252711535168039,0.0475916262086704,0.6696741695080366,0.0252711535168039,engine_away_prob,ml_away_prob,0.6192909117504243,ml_1x2_predictability,0.1999734812025055,ml_1x2_skip_prob,0.6696741695080366,engine_away_prob,0.6696741695080366,engine_away_prob,0.6696741695080366,engine_away_prob,1.4932635086323114,0.6696741695080366,engine_away_prob,1.4932635086323114,2026_04_19,seriea,match_odds,away,1.531,-188,0.0252711535168039,seriea,2026_04_19,09:00 AM,Verona,Milan,0.0,1.0,Win,0.0252711535168039,0.0475916262086704,0.6696741695080366,1.531,-188,0.00_to_0.05,0.0,0.00_to_0.05,0.0,-199_to_-150,-199.0,04,4,0.6_to_0.7,0.6,0.6696741695080366,0.6_to_0.7,0.6
33890499,soccer,seriea,2026_04_19,10:30 AM,Cremonese,Torino,total25,under,1.634,-158,0.0053062588655166,0.0083694934787328,0.6152425084856283,0.0053062588655166,ml_under25_prob,ml_under25_prob,0.5250491701270965,ml_over25_predictability,0.2074378011736901,ml_over25_skip_prob,,,,,,,,,,,2026_04_19,seriea,total25,under25,1.634,-158,0.0053062588655166,seriea,2026_04_19,06:30 AM,Cremonese,Torino,0.0,0.0,Win,0.0053062588655166,0.0083694934787328,0.6152425084856283,1.634,-158,0.00_to_0.05,0.0,0.00_to_0.05,0.0,-199_to_-150,-199.0,04,4,0.6_to_0.7,0.6,,missing,
33981321,soccer,epl,2026_04_22,07:00 PM,Burnley,Manchester City,total35,under,1.795,-126,0.1847030477581197,0.2323308776831695,0.6600016979153871,0.1847030477581197,ml_under35_prob,ml_under35_prob,0.5825977921485901,ml_over35_predictability,0.3711320161819458,ml_over35_skip_prob,,,,,,,,,,,2026_04_22,epl,total35,under35,1.795,-126,0.1847030477581197,epl,2026_04_22,03:00 PM,Burnley,Manchester City,0.0,1.0,Win,0.1847030477581197,0.2323308776831695,0.6600016979153871,1.795,-126,0.15_to_0.20,0.15,0.20_to_0.25,0.2,-149_to_-100,-149.0,04,4,0.6_to_0.7,0.6,,missing,
33890645,soccer,laliga,2026_04_22,05:00 PM,Elche,Atletico Madrid,btts,yes,1.537,-186,0.2390142239845578,0.445091664775713,0.8061250644011437,0.2390142239845578,ml_btts_yes_prob,ml_btts_yes_prob,0.8149032847898392,ml_btts_predictability,0.1717279647940962,ml_btts_skip_prob,,,,,,,,,,,2026_04_22,laliga,btts,btts_yes,1.537,-186,0.2390142239845578,laliga,2026_04_22,01:00 PM,Elche,Atletico Madrid,3.0,2.0,Win,0.2390142239845578,0.445091664775713,0.8061250644011437,1.537,-186,0.20_to_0.25,0.2,0.40_to_0.45,0.4,-199_to_-150,-199.0,04,4,0.8_to_0.9,0.8,,missing,
33899675,soccer,ligue1,2026_04_22,05:00 PM,Paris Saint Germain,Nantes,total25,under,3.368,237,0.1784883761401753,0.0753751588429794,0.3499074751010022,0.1784883761401753,ml_under25_prob,ml_under25_prob,0.8032712340354919,ml_over25_predictability,0.2514314353466034,ml_over25_skip_prob,,,,,,,,,,,2026_04_22,ligue1,total25,under25,3.368,237,0.1784883761401753,ligue1,2026_04_22,01:00 PM,Paris Saint Germain,Nantes,3.0,0.0,Loss,0.1784883761401753,0.0753751588429794,0.3499074751010022,3.368,237,0.15_to_0.20,0.15,0.05_to_0.10,0.05,+200_to_+249,200.0,04,4,0.3_to_0.4,0.3,,missing,
118531,soccer,mls,2026_04_22,09:30 PM,Columbus Crew,LA Galaxy,btts,yes,1.62,-161,0.0714649426937104,0.1152660366027586,0.6613981127738953,0.0714649426937104,ml_btts_yes_prob,ml_btts_yes_prob,0.6259315609931946,ml_btts_predictability,0.28813436627388,ml_btts_skip_prob,,,,,,,,,,,2026_04_22,mls,btts,btts_yes,1.62,-161,0.0714649426937104,mls,2026_04_22,07:30 PM,Columbus Crew,LA Galaxy,2.0,1.0,Win,0.0714649426937104,0.1152660366027586,0.6613981127738953,1.62,-161,0.05_to_0.10,0.05,0.10_to_0.15,0.1,-199_to_-150,-199.0,04,4,0.6_to_0.7,0.6,,missing,
118535,soccer,mls,2026_04_22,09:30 PM,Toronto FC,Philadelphia Union,btts,yes,1.7,-143,0.0405345439910888,0.0579064914158413,0.6120791435241699,0.0405345439910888,ml_btts_yes_prob,ml_btts_yes_prob,0.5792367458343506,ml_btts_predictability,0.3174462914466858,ml_btts_skip_prob,,,,,,,,,,,2026_04_22,mls,btts,btts_yes,1.7,-143,0.0405345439910888,mls,2026_04_22,07:30 PM,Toronto FC,Philadelphia Union,3.0,3.0,Win,0.0405345439910888,0.0579064914158413,0.6120791435241699,1.7,-143,0.00_to_0.05,0.0,0.05_to_0.10,0.05,-149_to_-100,-149.0,04,4,0.6_to_0.7,0.6,,missing,
118540,soccer,mls,2026_04_22,12:30 PM,Los Angeles FC,Colorado Rapids,btts,yes,1.62,-161,0.0267698562145233,0.0431771874427795,0.6338085532188416,0.0267698562145233,ml_btts_yes_prob,ml_btts_yes_prob,0.5062431693077087,ml_btts_predictability,0.301616221666336,ml_btts_skip_prob,,,,,,,,,,,2026_04_22,mls,btts,btts_yes,1.62,-161,0.0267698562145233,mls,2026_04_22,10:30 PM,Los Angeles FC,Colorado Rapids,0.0,0.0,Loss,0.0267698562145233,0.0431771874427795,0.6338085532188416,1.62,-161,0.00_to_0.05,0.0,0.00_to_0.05,0.0,-199_to_-150,-199.0,04,4,0.6_to_0.7,0.6,,missing,
118534,soccer,mls,2026_04_22,09:30 PM,Orlando City,Charlotte FC,total25,under,2.25,125,0.0236755427552122,0.0189404342041697,0.4549669078912054,0.0236755427552122,ml_under25_prob,ml_under25_prob,0.569854420818132,ml_over25_predictability,0.1909264858722857,ml_over25_skip_prob,,,,,,,,,,,2026_04_22,mls,total25,under25,2.25,125,0.0236755427552122,mls,2026_04_22,07:30 PM,Orlando City,Charlotte FC,4.0,1.0,Loss,0.0236755427552122,0.0189404342041697,0.4549669078912054,2.25,125,0.00_to_0.05,0.0,0.00_to_0.05,0.0,+100_to_+149,100.0,04,4,0.4_to_0.5,0.4,,missing,
118532,soccer,mls,2026_04_22,09:30 PM,New York City FC,FC Cincinnati,total25,under,2.38,138,0.0019629475457799,0.0014224257578114,0.4209928351032689,0.0019629475457799,ml_under25_prob,ml_under25_prob,0.5441132076434922,ml_over25_predictability,0.237926218072197,ml_over25_skip_prob,,,,,,,,,,,2026_04_22,mls,total25,under25,2.38,138,0.0019629475457799,mls,2026_04_22,07:30 PM,New York City FC,FC Cincinnati,4.0,4.0,Loss,0.0019629475457799,0.0014224257578114,0.4209928351032689,2.38,138,0.00_to_0.05,0.0,0.00_to_0.05,0.0,+100_to_+149,100.0,04,4,0.4_to_0.5,0.4,,missing,
118538,soccer,mls,2026_04_22,10:30 PM,Houston Dynamo,San Diego FC,total25,under,2.38,138,0.016262525251441,0.0117844385880007,0.4270010610300172,0.016262525251441,ml_under25_prob,ml_under25_prob,0.5474464238124287,ml_over25_predictability,0.2303356898671667,ml_over25_skip_prob,,,,,,,,,,,2026_04_22,mls,total25,under25,2.38,138,0.016262525251441,mls,2026_04_22,08:30 PM,Houston Dynamo,San Diego FC,1.0,0.0,Win,0.016262525251441,0.0117844385880007,0.4270010610300172,2.38,138,0.00_to_0.05,0.0,0.00_to_0.05,0.0,+100_to_+149,100.0,04,4,0.4_to_0.5,0.4,,missing,
118537,soccer,mls,2026_04_22,10:30 PM,FC Dallas,Minnesota United,total25,under,2.38,138,0.0240889531220876,0.0174557631319475,0.4302894761017175,0.0240889531220876,ml_under25_prob,ml_under25_prob,0.5306282649132855,ml_over25_predictability,0.2258771720412451,ml_over25_skip_prob,,,,,,,,,,,2026_04_22,mls,total25,under25,2.38,138,0.0240889531220876,mls,2026_04_22,08:30 PM,FC Dallas,Minnesota United,0.0,1.0,Win,0.0240889531220876,0.0174557631319475,0.4302894761017175,2.38,138,0.00_to_0.05,0.0,0.00_to_0.05,0.0,+100_to_+149,100.0,04,4,0.4_to_0.5,0.4,,missing,
118539,soccer,mls,2026_04_22,11:30 PM,Real Salt Lake,Inter Miami,total25,under,2.75,175,0.1921346367588404,0.1097912210050516,0.433503504275942,0.1921346367588404,ml_under25_prob,ml_under25_prob,0.6286939139038682,ml_over25_predictability,0.2134530725822513,ml_over25_skip_prob,,,,,,,,,,,2026_04_22,mls,total25,under25,2.75,175,0.1921346367588404,mls,2026_04_22,09:30 PM,Real Salt Lake,Inter Miami,0.0,2.0,Win,0.1921346367588404,0.1097912210050516,0.433503504275942,2.75,175,0.15_to_0.20,0.15,0.10_to_0.15,0.1,+150_to_+199,150.0,04,4,0.4_to_0.5,0.4,,missing,
118533,soccer,mls,2026_04_22,09:30 PM,New York Red Bulls,DC United,total35,over,2.82,182,0.1626326990960166,0.0893586258769322,0.4122810989702187,0.1626326990960166,ml_over35_prob,ml_over35_prob,0.6787667497283798,ml_over35_predictability,0.2535991370246114,ml_over35_skip_prob,,,,,,,,,,,2026_04_22,mls,total35,over35,2.82,182,0.1626326990960166,mls,2026_04_22,07:30 PM,New York Red Bulls,DC United,4.0,4.0,Win,0.1626326990960166,0.0893586258769322,0.4122810989702187,2.82,182,0.15_to_0.20,0.15,0.05_to_0.10,0.05,+150_to_+199,150.0,04,4,0.4_to_0.5,0.4,,missing,
33994100,soccer,bundesliga,2026_04_25,01:30 PM,Mainz,Bayern Munich,btts,yes,1.49,-204,0.0746458303428739,0.1523384292711711,0.7212388123106537,0.0746458303428739,ml_btts_yes_prob,ml_btts_yes_prob,0.5944962167448027,ml_btts_predictability,0.3057909509528223,ml_btts_skip_prob,,,,,,,,,,,2026_04_25,bundesliga,btts,btts_yes,1.49,-204,0.0746458303428739,bundesliga,2026_04_25,09:30 AM,Mainz,Bayern Munich,3.0,4.0,Win,0.0746458303428739,0.1523384292711711,0.7212388123106537,1.49,-204,0.05_to_0.10,0.05,0.15_to_0.20,0.15,-249_to_-200,-249.0,04,4,0.7_to_0.8,0.7,,missing,
33994099,soccer,bundesliga,2026_04_25,01:30 PM,Wolfsburg,Borussia Monchengladbach,btts,yes,1.51,-196,0.0330957872051478,0.0648937004022506,0.6841693955000979,0.0330957872051478,ml_btts_yes_prob,ml_btts_yes_prob,0.7436677098592033,ml_btts_predictability,0.2842712296447606,ml_btts_skip_prob,,,,,,,,,,,2026_04_25,bundesliga,btts,btts_yes,1.51,-196,0.0330957872051478,bundesliga,2026_04_25,09:30 AM,Wolfsburg,Borussia Monchengladbach,0.0,0.0,Loss,0.0330957872051478,0.0648937004022506,0.6841693955000979,1.51,-196,0.00_to_0.05,0.0,0.05_to_0.10,0.05,-199_to_-150,-199.0,04,4,0.6_to_0.7,0.6,,missing,
33994101,soccer,bundesliga,2026_04_25,01:30 PM,Augsburg,Eintracht Frankfurt,btts,yes,1.47,-213,0.1163728681371299,0.2476018471002763,0.7594373252633537,0.1163728681371299,ml_btts_yes_prob,ml_btts_yes_prob,0.8034420993491828,ml_btts_predictability,0.2760910931716895,ml_btts_skip_prob,,,,,,,,,,,2026_04_25,bundesliga,btts,btts_yes,1.47,-213,0.1163728681371299,bundesliga,2026_04_25,09:30 AM,Augsburg,Eintracht Frankfurt,1.0,1.0,Win,0.1163728681371299,0.2476018471002763,0.7594373252633537,1.47,-213,0.10_to_0.15,0.1,0.20_to_0.25,0.2,-249_to_-200,-249.0,04,4,0.7_to_0.8,0.7,,missing,
33994104,soccer,bundesliga,2026_04_25,01:30 PM,Koln,Leverkusen,match_odds,away,1.759,-132,0.0023181609343087,0.0030542304799852,0.5698227179842574,0.0023181609343088,engine_away_prob,ml_away_prob,0.6561510570116764,ml_1x2_predictability,0.3219349333957,ml_1x2_skip_prob,0.5698227179842574,engine_away_prob,0.5698227179842574,engine_away_prob,0.5698227179842574,engine_away_prob,1.754931785692032,0.5698227179842574,engine_away_prob,1.754931785692032,2026_04_25,bundesliga,match_odds,away,1.759,-132,0.0023181609343088,bundesliga,2026_04_25,09:30 AM,Koln,Leverkusen,1.0,2.0,Win,0.0023181609343087,0.0030542304799852,0.5698227179842574,1.759,-132,0.00_to_0.05,0.0,0.00_to_0.05,0.0,-149_to_-100,-149.0,04,4,0.5_to_0.6,0.5,0.5698227179842574,0.5_to_0.6,0.5
33981317,soccer,epl,2026_04_25,11:30 AM,Fulham,Aston Villa,btts,no,2.21,121,0.0476363657898015,0.0393688973469434,0.4740436044297745,0.0476363657898015,ml_btts_no_prob,ml_btts_no_prob,0.5175362780149932,ml_btts_predictability,0.2951742984106465,ml_btts_skip_prob,,,,,,,,,,,2026_04_25,epl,btts,btts_no,2.21,121,0.0476363657898015,epl,2026_04_25,07:30 AM,Fulham,Aston Villa,1.0,0.0,Win,0.0476363657898015,0.0393688973469434,0.4740436044297745,2.21,121,0.00_to_0.05,0.0,0.00_to_0.05,0.0,+100_to_+149,100.0,04,4,0.4_to_0.5,0.4,,missing,
33981318,soccer,epl,2026_04_25,02:00 PM,West Ham,Everton,btts,yes,1.65,-154,0.0077444539327712,0.0119145445119559,0.6107542145047099,0.0077444539327712,ml_btts_yes_prob,ml_btts_yes_prob,0.601207088373037,ml_btts_predictability,0.2851603860494027,ml_btts_skip_prob,,,,,,,,,,,2026_04_25,epl,btts,btts_yes,1.65,-154,0.0077444539327712,epl,2026_04_25,10:00 AM,West Ham,Everton,2.0,1.0,Win,0.0077444539327712,0.0119145445119559,0.6107542145047099,1.65,-154,0.00_to_0.05,0.0,0.00_to_0.05,0.0,-199_to_-150,-199.0,04,4,0.6_to_0.7,0.6,,missing,
33981322,soccer,epl,2026_04_25,04:30 PM,Arsenal,Newcastle,match_odds,home,1.492,-203,0.106961634738686,0.2174016966233453,0.7419313905755268,0.1069616347386859,engine_home_prob,ml_home_prob,0.7474902599486739,ml_1x2_predictability,0.2338348743440013,ml_1x2_skip_prob,0.7419313905755268,engine_home_prob,0.7419313905755268,engine_home_prob,0.7419313905755268,engine_home_prob,1.347833523021968,0.7419313905755268,engine_home_prob,1.347833523021968,2026_04_25,epl,match_odds,home,1.492,-203,0.1069616347386859,epl,2026_04_25,12:30 PM,Arsenal,Newcastle,1.0,0.0,Win,0.106961634738686,0.2174016966233453,0.7419313905755268,1.492,-203,0.10_to_0.15,0.1,0.20_to_0.25,0.2,-249_to_-200,-249.0,04,4,0.7_to_0.8,0.7,0.7419313905755268,0.7_to_0.8,0.7
33999012,soccer,laliga,2026_04_25,02:15 PM,Getafe,Barcelona,total25,under,1.961,-104,0.0275861991209139,0.0287057222902329,0.5240113203064324,0.0275861991209139,ml_under25_prob,ml_under25_prob,0.5059592669899721,ml_over25_predictability,0.2611018093000377,ml_over25_skip_prob,,,,,,,,,,,2026_04_25,laliga,total25,under25,1.961,-104,0.0275861991209139,laliga,2026_04_25,10:15 AM,Getafe,Barcelona,0.0,2.0,Win,0.0275861991209139,0.0287057222902329,0.5240113203064324,1.961,-104,0.00_to_0.05,0.0,0.00_to_0.05,0.0,-149_to_-100,-149.0,04,4,0.5_to_0.6,0.5,,missing,
33999628,soccer,ligue1,2026_04_25,05:00 PM,Angers,Paris Saint Germain,total25,under,2.635,163,0.1036125563773265,0.0633715941145729,0.4188282946403517,0.1036125563773265,ml_under25_prob,ml_under25_prob,0.5401937961578369,ml_over25_predictability,0.2949452698230743,ml_over25_skip_prob,,,,,,,,,,,2026_04_25,ligue1,total25,under25,2.635,163,0.1036125563773265,ligue1,2026_04_25,01:00 PM,Angers,Paris Saint Germain,0.0,3.0,Loss,0.1036125563773265,0.0633715941145729,0.4188282946403517,2.635,163,0.10_to_0.15,0.1,0.05_to_0.10,0.05,+150_to_+199,150.0,04,4,0.4_to_0.5,0.4,,missing,
118806,soccer,mls,2026_04_25,09:30 PM,Inter Miami,New England Revolution,btts,yes,1.57,-175,0.1015848284959793,0.1782189973613671,0.7016463875770569,0.1015848284959793,ml_btts_yes_prob,ml_btts_yes_prob,0.5624720454216003,ml_btts_predictability,0.2913726568222046,ml_btts_skip_prob,,,,,,,,,,,2026_04_25,mls,btts,btts_yes,1.57,-175,0.1015848284959793,mls,2026_04_25,07:30 PM,Inter Miami,New England Revolution,1.0,1.0,Win,0.1015848284959793,0.1782189973613671,0.7016463875770569,1.57,-175,0.10_to_0.15,0.1,0.15_to_0.20,0.15,-199_to_-150,-199.0,04,4,0.7_to_0.8,0.7,,missing,
118803,soccer,mls,2026_04_25,09:30 PM,Columbus Crew,Philadelphia Union,btts,no,2.15,115,0.006962352991104,0.0060542199922643,0.46835458278656,0.006962352991104,ml_btts_no_prob,ml_btts_no_prob,0.5288140177726746,ml_btts_predictability,0.2097109705209732,ml_btts_skip_prob,,,,,,,,,,,2026_04_25,mls,btts,btts_no,2.15,115,0.006962352991104,mls,2026_04_25,07:30 PM,Columbus Crew,Philadelphia Union,2.0,0.0,Win,0.006962352991104,0.0060542199922643,0.46835458278656,2.15,115,0.00_to_0.05,0.0,0.00_to_0.05,0.0,+100_to_+149,100.0,04,4,0.4_to_0.5,0.4,,missing,
118812,soccer,mls,2026_04_25,10:30 PM,Seattle Sounders,FC Dallas,btts,no,2.15,115,0.162026335299015,0.1408924654774043,0.5404773652553558,0.162026335299015,ml_btts_no_prob,ml_btts_no_prob,0.523761510848999,ml_btts_predictability,0.2555786371231079,ml_btts_skip_prob,,,,,,,,,,,2026_04_25,mls,btts,btts_no,2.15,115,0.162026335299015,mls,2026_04_25,10:30 PM,Seattle Sounders,FC Dallas,2.0,1.0,Loss,0.162026335299015,0.1408924654774043,0.5404773652553558,2.15,115,0.15_to_0.20,0.15,0.10_to_0.15,0.1,+100_to_+149,100.0,04,4,0.5_to_0.6,0.5,,missing,
118811,soccer,mls,2026_04_25,10:30 PM,San Diego FC,Portland Timbers,btts,yes,1.48,-208,0.11116708278656,0.2315980891386668,0.7507885694503784,0.11116708278656,ml_btts_yes_prob,ml_btts_yes_prob,0.8166036009788513,ml_btts_predictability,0.2574784159660339,ml_btts_skip_prob,,,,,,,,,,,2026_04_25,mls,btts,btts_yes,1.48,-208,0.11116708278656,mls,2026_04_25,09:30 PM,San Diego FC,Portland Timbers,1.0,2.0,Win,0.11116708278656,0.2315980891386668,0.7507885694503784,1.48,-208,0.10_to_0.15,0.1,0.20_to_0.25,0.2,-249_to_-200,-249.0,04,4,0.7_to_0.8,0.7,,missing,
118810,soccer,mls,2026_04_25,10:30 PM,St Louis City,San Jose Earthquakes,btts,yes,1.52,-192,0.1060043334960937,0.2038544874924881,0.7276344299316406,0.1060043334960937,ml_btts_yes_prob,ml_btts_yes_prob,0.6806426644325256,ml_btts_predictability,0.3092771768569946,ml_btts_skip_prob,,,,,,,,,,,2026_04_25,mls,btts,btts_yes,1.52,-192,0.1060043334960937,mls,2026_04_25,08:30 PM,St Louis City,San Jose Earthquakes,2.0,3.0,Win,0.1060043334960937,0.2038544874924881,0.7276344299316406,1.52,-192,0.10_to_0.15,0.1,0.20_to_0.25,0.2,-199_to_-150,-199.0,04,4,0.7_to_0.8,0.7,,missing,
118808,soccer,mls,2026_04_25,10:30 PM,Chicago Fire,Sporting Kansas City,btts,no,2.42,142,0.018963963985443,0.0133549042151007,0.4210594892501831,0.018963963985443,ml_btts_no_prob,ml_btts_no_prob,0.5947296619415283,ml_btts_predictability,0.2047709226608276,ml_btts_skip_prob,,,,,,,,,,,2026_04_25,mls,btts,btts_no,2.42,142,0.018963963985443,mls,2026_04_25,08:30 PM,Chicago Fire,Sporting Kansas City,5.0,0.0,Win,0.018963963985443,0.0133549042151007,0.4210594892501831,2.42,142,0.00_to_0.05,0.0,0.00_to_0.05,0.0,+100_to_+149,100.0,04,4,0.4_to_0.5,0.4,,missing,
118810,soccer,mls,2026_04_25,10:30 PM,St Louis City,San Jose Earthquakes,total25,under,2.5,150,0.0701602963126917,0.0467735308751278,0.4280641185250767,0.0701602963126917,ml_under25_prob,ml_under25_prob,0.6123092238565258,ml_over25_predictability,0.2212828933859931,ml_over25_skip_prob,,,,,,,,,,,2026_04_25,mls,total25,under25,2.5,150,0.0701602963126917,mls,2026_04_25,08:30 PM,St Louis City,San Jose Earthquakes,2.0,3.0,Loss,0.0701602963126917,0.0467735308751278,0.4280641185250767,2.5,150,0.05_to_0.10,0.05,0.00_to_0.05,0.0,+150_to_+199,150.0,04,4,0.4_to_0.5,0.4,,missing,
33999633,soccer,ligue1,2026_04_26,03:15 PM,Le Havre,Metz,total25,over,1.981,-102,0.1213358231879235,0.1236858544219404,0.5660453423462511,0.1213358231879235,ml_over25_prob,ml_over25_prob,0.5133708119392395,ml_over25_predictability,0.1264010667800903,ml_over25_skip_prob,,,,,,,,,,,2026_04_26,ligue1,total25,over25,1.981,-102,0.1213358231879235,ligue1,2026_04_26,11:15 AM,Le Havre,Metz,4.0,4.0,Win,0.1213358231879235,0.1236858544219404,0.5660453423462511,1.981,-102,0.10_to_0.15,0.1,0.10_to_0.15,0.1,-149_to_-100,-149.0,04,4,0.5_to_0.6,0.5,,missing,
33999636,soccer,ligue1,2026_04_26,06:45 PM,Marseille,Nice,total25,under,2.615,162,0.1146995846235743,0.0710214146276001,0.4262713516724949,0.1146995846235743,ml_under25_prob,ml_under25_prob,0.6103382110595703,ml_over25_predictability,0.4278925657272339,ml_over25_skip_prob,,,,,,,,,,,2026_04_26,ligue1,total25,under25,2.615,162,0.1146995846235743,ligue1,2026_04_26,02:45 PM,Marseille,Nice,1.0,1.0,Win,0.1146995846235743,0.0710214146276001,0.4262713516724949,2.615,162,0.10_to_0.15,0.1,0.05_to_0.10,0.05,+150_to_+199,150.0,04,4,0.4_to_0.5,0.4,,missing,
33999634,soccer,ligue1,2026_04_26,03:15 PM,Paris FC,Lille,total35,under,1.339,-295,0.0388444822354353,0.1145854933198679,0.7758360584282564,0.0388444822354353,ml_under35_prob,ml_under35_prob,0.773,ml_over35_predictability,0.2508435457060197,ml_over35_skip_prob,,,,,,,,,,,2026_04_26,ligue1,total35,under35,1.339,-295,0.0388444822354353,ligue1,2026_04_26,11:15 AM,Paris FC,Lille,0.0,1.0,Win,0.0388444822354353,0.1145854933198679,0.7758360584282564,1.339,-295,0.00_to_0.05,0.0,0.10_to_0.15,0.1,-299_to_-250,-299.0,04,4,0.7_to_0.8,0.7,,missing,
33996884,soccer,seriea,2026_04_26,04:00 PM,Torino,Inter Milan,total25,over,1.614,-163,0.0403773182585594,0.0657611046556341,0.6445956123039401,0.0403773182585594,ml_over25_prob,ml_over25_prob,0.5672190321958906,ml_over25_predictability,0.2701664424677586,ml_over25_skip_prob,,,,,,,,,,,2026_04_26,seriea,total25,over25,1.614,-163,0.0403773182585594,seriea,2026_04_26,12:00 PM,Torino,Inter Milan,2.0,2.0,Win,0.0403773182585594,0.0657611046556341,0.6445956123039401,1.614,-163,0.00_to_0.05,0.0,0.05_to_0.10,0.05,-199_to_-150,-199.0,04,4,0.6_to_0.7,0.6,,missing,
33996881,soccer,seriea,2026_04_26,06:45 PM,Milan,Juventus,total25,under,1.856,-117,0.1820906392647104,0.2127227094213908,0.6369022840865897,0.1820906392647104,ml_under25_prob,ml_under25_prob,0.5238923828639446,ml_over25_predictability,0.2063990980268621,ml_over25_skip_prob,,,,,,,,,,,2026_04_26,seriea,total25,under25,1.856,-117,0.1820906392647104,seriea,2026_04_26,02:45 PM,Milan,Juventus,0.0,0.0,Win,0.1820906392647104,0.2127227094213908,0.6369022840865897,1.856,-117,0.15_to_0.20,0.15,0.20_to_0.25,0.2,-149_to_-100,-149.0,04,4,0.6_to_0.7,0.6,,missing,
119037,soccer,mls,2026_05_02,07:00 PM,Toronto FC,San Jose Earthquakes,btts,yes,1.54,-185,0.0754900443553924,0.139796378435912,0.6983701586723328,0.0754900443553924,ml_btts_yes_prob,ml_btts_yes_prob,0.6033244729042053,ml_btts_predictability,0.3528819680213928,ml_btts_skip_prob,,,,,,,,,,,2026_05_02,mls,btts,btts_yes,1.54,-185,0.0754900443553924,mls,2026_05_02,01:00 PM,Toronto FC,San Jose Earthquakes,1.0,1.0,Win,0.0754900443553924,0.139796378435912,0.6983701586723328,1.54,-185,0.05_to_0.10,0.05,0.10_to_0.15,0.1,-199_to_-150,-199.0,05,5,0.6_to_0.7,0.6,,missing,
119038,soccer,mls,2026_05_02,08:30 PM,Sporting Kansas City,Seattle Sounders,btts,yes,1.65,-154,0.2122224867343902,0.3264961334375235,0.7346802949905396,0.2122224867343902,ml_btts_yes_prob,ml_btts_yes_prob,0.6455658674240112,ml_btts_predictability,0.2988502085208893,ml_btts_skip_prob,,,,,,,,,,,2026_05_02,mls,btts,btts_yes,1.65,-154,0.2122224867343902,mls,2026_05_02,02:30 PM,Sporting Kansas City,Seattle Sounders,1.0,1.0,Win,0.2122224867343902,0.3264961334375235,0.7346802949905396,1.65,-154,0.20_to_0.25,0.2,0.30_to_0.35,0.3,-199_to_-150,-199.0,05,5,0.7_to_0.8,0.7,,missing,
119039,soccer,mls,2026_05_02,10:45 PM,Real Salt Lake,Portland Timbers,btts,yes,1.46,-217,0.0881634032726287,0.1916595723318018,0.7453173995018005,0.0881634032726287,ml_btts_yes_prob,ml_btts_yes_prob,0.7476093769073486,ml_btts_predictability,0.2835736572742462,ml_btts_skip_prob,,,,,,,,,,,2026_05_02,mls,btts,btts_yes,1.46,-217,0.0881634032726287,mls,2026_05_02,04:45 PM,Real Salt Lake,Portland Timbers,2.0,0.0,Loss,0.0881634032726287,0.1916595723318018,0.7453173995018005,1.46,-217,0.05_to_0.10,0.05,0.15_to_0.20,0.15,-249_to_-200,-249.0,05,5,0.7_to_0.8,0.7,,missing,
119141,soccer,mls,2026_05_02,09:15 PM,Inter Miami,Orlando City,btts,yes,1.49,-204,0.0047149264812469,0.0096222989413202,0.6743053197860718,0.0047149264812469,ml_btts_yes_prob,ml_btts_yes_prob,0.6553094983100891,ml_btts_predictability,0.2668569386005401,ml_btts_skip_prob,,,,,,,,,,,2026_05_02,mls,btts,btts_yes,1.49,-204,0.0047149264812469,mls,2026_05_02,07:15 PM,Inter Miami,Orlando City,3.0,4.0,Win,0.0047149264812469,0.0096222989413202,0.6743053197860718,1.49,-204,0.00_to_0.05,0.0,0.00_to_0.05,0.0,-249_to_-200,-249.0,05,5,0.6_to_0.7,0.6,,missing,
119142,soccer,mls,2026_05_02,09:30 PM,Atlanta United,CF Montreal,btts,yes,1.57,-175,0.0058453518152237,0.010255003184603,0.6406658291816711,0.0058453518152237,ml_btts_yes_prob,ml_btts_yes_prob,0.6562548279762268,ml_btts_predictability,0.3160663843154907,ml_btts_skip_prob,,,,,,,,,,,2026_05_02,mls,btts,btts_yes,1.57,-175,0.0058453518152237,mls,2026_05_02,07:30 PM,Atlanta United,CF Montreal,3.0,1.0,Win,0.0058453518152237,0.010255003184603,0.6406658291816711,1.57,-175,0.00_to_0.05,0.0,0.00_to_0.05,0.0,-199_to_-150,-199.0,05,5,0.6_to_0.7,0.6,,missing,
119146,soccer,mls,2026_05_02,09:30 PM,Philadelphia Union,Nashville SC,btts,no,2.04,104,0.1828639423847199,0.1758307138314613,0.5798352658748627,0.1828639423847199,ml_btts_no_prob,ml_btts_no_prob,0.6040245294570923,ml_btts_predictability,0.0899416729807853,ml_btts_skip_prob,,,,,,,,,,,2026_05_02,mls,btts,btts_no,2.04,104,0.1828639423847199,mls,2026_05_02,07:30 PM,Philadelphia Union,Nashville SC,0.0,0.0,Win,0.1828639423847199,0.1758307138314613,0.5798352658748627,2.04,104,0.15_to_0.20,0.15,0.15_to_0.20,0.15,+100_to_+149,100.0,05,5,0.5_to_0.6,0.5,,missing,
119150,soccer,mls,2026_05_02,10:30 AM,LA Galaxy,Vancouver Whitecaps,btts,yes,1.53,-189,0.0458536607027054,0.0865163409485006,0.6835644841194153,0.0458536607027054,ml_btts_yes_prob,ml_btts_yes_prob,0.6033244729042053,ml_btts_predictability,0.3710792958736419,ml_btts_skip_prob,,,,,,,,,,,2026_05_02,mls,btts,btts_yes,1.53,-189,0.0458536607027054,mls,2026_05_02,10:30 PM,LA Galaxy,Vancouver Whitecaps,1.0,1.0,Win,0.0458536607027054,0.0865163409485006,0.6835644841194153,1.53,-189,0.00_to_0.05,0.0,0.05_to_0.10,0.05,-199_to_-150,-199.0,05,5,0.6_to_0.7,0.6,,missing,
119037,soccer,mls,2026_05_02,07:00 PM,Toronto FC,San Jose Earthquakes,total25,under,2.37,137,0.0888962595802392,0.0648877807155032,0.459449898557063,0.0888962595802392,ml_under25_prob,ml_under25_prob,0.5703760987485834,ml_over25_predictability,0.1803937996028503,ml_over25_skip_prob,,,,,,,,,,,2026_05_02,mls,total25,under25,2.37,137,0.0888962595802392,mls,2026_05_02,01:00 PM,Toronto FC,San Jose Earthquakes,1.0,1.0,Win,0.0888962595802392,0.0648877807155032,0.459449898557063,2.37,137,0.05_to_0.10,0.05,0.05_to_0.10,0.05,+100_to_+149,100.0,05,5,0.4_to_0.5,0.4,,missing,
119038,soccer,mls,2026_05_02,08:30 PM,Sporting Kansas City,Seattle Sounders,total25,under,2.5,150,0.1666243667780697,0.1110829111853798,0.4666497467112279,0.1666243667780697,ml_under25_prob,ml_under25_prob,0.5639213224420386,ml_over25_predictability,0.1659978822968351,ml_over25_skip_prob,,,,,,,,,,,2026_05_02,mls,total25,under25,2.5,150,0.1666243667780697,mls,2026_05_02,02:30 PM,Sporting Kansas City,Seattle Sounders,1.0,1.0,Win,0.1666243667780697,0.1110829111853798,0.4666497467112279,2.5,150,0.15_to_0.20,0.15,0.10_to_0.15,0.1,+150_to_+199,150.0,05,5,0.4_to_0.5,0.4,,missing,
119145,soccer,mls,2026_05_02,09:30 PM,New York Red Bulls,FC Dallas,total25,under,2.75,175,0.2210199951293308,0.1262971400739033,0.4440072709561203,0.2210199951293308,ml_under25_prob,ml_under25_prob,0.5900584630931995,ml_over25_predictability,0.2048299527072119,ml_over25_skip_prob,,,,,,,,,,,2026_05_02,mls,total25,under25,2.75,175,0.2210199951293308,mls,2026_05_02,07:30 PM,New York Red Bulls,FC Dallas,0.0,2.0,Win,0.2210199951293308,0.1262971400739033,0.4440072709561203,2.75,175,0.20_to_0.25,0.2,0.10_to_0.15,0.1,+150_to_+199,150.0,05,5,0.4_to_0.5,0.4,,missing,
119150,soccer,mls,2026_05_02,10:30 AM,LA Galaxy,Vancouver Whitecaps,total25,under,2.38,138,0.0953073465741461,0.0690632946189466,0.4602131708294732,0.0953073465741461,ml_under25_prob,ml_under25_prob,0.5640485249408704,ml_over25_predictability,0.1815611612883431,ml_over25_skip_prob,,,,,,,,,,,2026_05_02,mls,total25,under25,2.38,138,0.0953073465741461,mls,2026_05_02,10:30 PM,LA Galaxy,Vancouver Whitecaps,1.0,1.0,Win,0.0953073465741461,0.0690632946189466,0.4602131708294732,2.38,138,0.05_to_0.10,0.05,0.05_to_0.10,0.05,+100_to_+149,100.0,05,5,0.4_to_0.5,0.4,,missing,
119149,soccer,mls,2026_05_02,10:30 PM,San Diego FC,Los Angeles FC,total25,under,2.38,138,0.0644491347454706,0.0467022715546888,0.4472475356073406,0.0644491347454706,ml_under25_prob,ml_under25_prob,0.5614955164096935,ml_over25_predictability,0.2013406588999259,ml_over25_skip_prob,,,,,,,,,,,2026_05_02,mls,total25,under25,2.38,138,0.0644491347454706,mls,2026_05_02,09:30 PM,San Diego FC,Los Angeles FC,2.0,2.0,Loss,0.0644491347454706,0.0467022715546888,0.4472475356073406,2.38,138,0.05_to_0.10,0.05,0.00_to_0.05,0.0,+100_to_+149,100.0,05,5,0.4_to_0.5,0.4,,missing,
119147,soccer,mls,2026_05_02,10:30 PM,Chicago Fire,FC Cincinnati,total25,under,2.75,175,0.1068480567947284,0.0610560324541304,0.4024902024708103,0.1068480567947284,ml_under25_prob,ml_under25_prob,0.6363891163259349,ml_over25_predictability,0.2533360109404149,ml_over25_skip_prob,,,,,,,,,,,2026_05_02,mls,total25,under25,2.75,175,0.1068480567947284,mls,2026_05_02,08:30 PM,Chicago Fire,FC Cincinnati,2.0,3.0,Loss,0.1068480567947284,0.0610560324541304,0.4024902024708103,2.75,175,0.10_to_0.15,0.1,0.05_to_0.10,0.05,+150_to_+199,150.0,05,5,0.4_to_0.5,0.4,,missing,
119152,soccer,mls,2026_05_03,07:30 PM,Austin FC,St Louis City,total25,under,2.32,132,0.0496191118131844,0.0375902362221095,0.4524220309539589,0.0496191118131844,ml_under25_prob,ml_under25_prob,0.5025015303893619,ml_over25_predictability,0.1991922533029051,ml_over25_skip_prob,,,,,,,,,,,2026_05_03,mls,total25,under25,2.32,132,0.0496191118131844,mls,2026_05_03,05:30 PM,Austin FC,St Louis City,2.0,0.0,Win,0.0496191118131844,0.0375902362221095,0.4524220309539589,2.32,132,0.00_to_0.05,0.0,0.00_to_0.05,0.0,+100_to_+149,100.0,05,5,0.4_to_0.5,0.4,,missing,
119151,soccer,mls,2026_05_03,05:00 PM,New York City FC,DC United,total35,under,1.37,-270,0.0057549829392005,0.0155540079437851,0.734127724773139,0.0057549829392005,ml_under35_prob,ml_under35_prob,0.8169621931533945,ml_over35_predictability,0.1628554809262503,ml_over35_skip_prob,,,,,,,,,,,2026_05_03,mls,total35,under35,1.37,-270,0.0057549829392005,mls,2026_05_03,03:00 PM,New York City FC,DC United,0.0,2.0,Win,0.0057549829392005,0.0155540079437851,0.734127724773139,1.37,-270,0.00_to_0.05,0.0,0.00_to_0.05,0.0,-299_to_-250,-299.0,05,5,0.7_to_0.8,0.7,,missing,
61301209,soccer,epl,2026_05_04,10:00 AM,Chelsea,Nottingham Forest,total25,over,1.71,-141,0.2582634339438968,0.3637513154139394,0.7358265695578344,0.2582634339438968,ml_over25_prob,ml_over25_prob,0.5430510341415626,ml_over25_predictability,0.1939189994882256,ml_over25_skip_prob,,,,,,,,,,,2026_05_04,epl,total25,over25,1.71,-141,0.2582634339438968,epl,2026_05_04,10:00 AM,Chelsea,Nottingham Forest,1.0,3.0,Win,0.2582634339438968,0.3637513154139394,0.7358265695578344,1.71,-141,0.25_to_0.30,0.25,0.35_to_0.40,0.35,-149_to_-100,-149.0,05,5,0.7_to_0.8,0.7,,missing,
61514184,soccer,bundesliga,2026_05_08,02:30 PM,Borussia Dortmund,Eintracht Frankfurt,btts,yes,1.43,-233,0.0518157571735152,0.1205017608686399,0.7355354945269338,0.0518157571735152,ml_btts_yes_prob,ml_btts_yes_prob,0.7612649547680448,ml_btts_predictability,0.2584594046153972,ml_btts_skip_prob,,,,,,,,,,,2026_05_08,bundesliga,btts,btts_yes,1.43,-233,0.0518157571735152,bundesliga,2026_05_08,02:30 PM,Borussia Dortmund,Eintracht Frankfurt,3.0,2.0,Win,0.0518157571735152,0.1205017608686399,0.7355354945269338,1.43,-233,0.05_to_0.10,0.05,0.10_to_0.15,0.1,-249_to_-200,-249.0,05,5,0.7_to_0.8,0.7,,missing,
61526576,soccer,ligue1,2026_05_08,02:45 PM,Lens,Nantes,btts,no,2.3,130,0.0973367683628227,0.0748744372021713,0.4771029427664447,0.0973367683628227,ml_btts_no_prob,ml_btts_no_prob,0.7189420289831919,ml_btts_predictability,0.281105435150187,ml_btts_skip_prob,,,,,,,,,,,2026_05_08,ligue1,btts,btts_no,2.3,130,0.0973367683628227,ligue1,2026_05_08,02:45 PM,Lens,Nantes,1.0,0.0,Win,0.0973367683628227,0.0748744372021713,0.4771029427664447,2.3,130,0.05_to_0.10,0.05,0.05_to_0.10,0.05,+100_to_+149,100.0,05,5,0.4_to_0.5,0.4,,missing,
61526576,soccer,ligue1,2026_05_08,02:45 PM,Lens,Nantes,total25,under,2.7,170,0.1519389792525872,0.0893758701485806,0.4266440663898471,0.1519389792525872,ml_under25_prob,ml_under25_prob,0.6438968181610107,ml_over25_predictability,0.3453094065189361,ml_over25_skip_prob,,,,,,,,,,,2026_05_08,ligue1,total25,under25,2.7,170,0.1519389792525872,ligue1,2026_05_08,02:45 PM,Lens,Nantes,1.0,0.0,Win,0.1519389792525872,0.0893758701485806,0.4266440663898471,2.7,170,0.15_to_0.20,0.15,0.05_to_0.10,0.05,+150_to_+199,150.0,05,5,0.4_to_0.5,0.4,,missing,
61061661,soccer,seriea,2026_05_08,02:45 PM,Torino,Sassuolo,btts,no,2.2,120,4.894532711685606e-06,4.078777259645486e-06,0.4545476793330507,4.894532711685606e-06,ml_btts_no_prob,ml_btts_no_prob,0.5105073620198334,ml_btts_predictability,0.2214240185221379,ml_btts_skip_prob,,,,,,,,,,,2026_05_08,seriea,btts,btts_no,2.2,120,4.894532711685606e-06,seriea,2026_05_08,02:45 PM,Torino,Sassuolo,2.0,1.0,Loss,4.894532711685606e-06,4.078777259645486e-06,0.4545476793330507,2.2,120,0.00_to_0.05,0.0,0.00_to_0.05,0.0,+100_to_+149,100.0,05,5,0.4_to_0.5,0.4,,missing,
61061661,soccer,seriea,2026_05_08,02:45 PM,Torino,Sassuolo,total35,under,1.34,-294,0.0177332067173747,0.0521564903452199,0.7595023930726676,0.0177332067173747,ml_under35_prob,ml_under35_prob,0.7621827121353935,ml_over35_predictability,0.1720332467911562,ml_over35_skip_prob,,,,,,,,,,,2026_05_08,seriea,total35,under35,1.34,-294,0.0177332067173747,seriea,2026_05_08,02:45 PM,Torino,Sassuolo,2.0,1.0,Win,0.0177332067173747,0.0521564903452199,0.7595023930726676,1.34,-294,0.00_to_0.05,0.0,0.05_to_0.10,0.05,-299_to_-250,-299.0,05,5,0.7_to_0.8,0.7,,missing,
61514190,soccer,bundesliga,2026_05_09,09:30 AM,VfB Stuttgart,Leverkusen,btts,yes,1.28,-357,0.0464541059026491,0.1659075210808896,0.8175422702364447,0.0464541059026491,ml_btts_yes_prob,ml_btts_yes_prob,0.8348413965037921,ml_btts_predictability,0.3172011097335565,ml_btts_skip_prob,,,,,,,,,,,2026_05_09,bundesliga,btts,btts_yes,1.28,-357,0.0464541059026491,bundesliga,2026_05_09,09:30 AM,VfB Stuttgart,Leverkusen,3.0,1.0,Win,0.0464541059026491,0.1659075210808896,0.8175422702364447,1.28,-357,0.00_to_0.05,0.0,0.15_to_0.20,0.15,-300_or_lower,-10000.0,05,5,0.8_to_0.9,0.8,,missing,
61514194,soccer,bundesliga,2026_05_09,09:30 AM,Augsburg,Borussia Monchengladbach,btts,yes,1.39,-256,0.1232427412049169,0.3160070287305561,0.8080883030251201,0.1232427412049169,ml_btts_yes_prob,ml_btts_yes_prob,0.8459208165305881,ml_btts_predictability,0.2562681477752327,ml_btts_skip_prob,,,,,,,,,,,2026_05_09,bundesliga,btts,btts_yes,1.39,-256,0.1232427412049169,bundesliga,2026_05_09,09:30 AM,Augsburg,Borussia Monchengladbach,3.0,1.0,Win,0.1232427412049169,0.3160070287305561,0.8080883030251201,1.39,-256,0.10_to_0.15,0.1,0.30_to_0.35,0.3,-299_to_-250,-299.0,05,5,0.8_to_0.9,0.8,,missing,
61514192,soccer,bundesliga,2026_05_09,12:30 PM,Wolfsburg,Bayern Munich,btts,yes,1.31,-323,0.1429240221527328,0.4610452327507509,0.8724610856127731,0.1429240221527328,ml_btts_yes_prob,ml_btts_yes_prob,0.8310574471297497,ml_btts_predictability,0.276560533628381,ml_btts_skip_prob,,,,,,,,,,,2026_05_09,bundesliga,btts,btts_yes,1.31,-323,0.1429240221527328,bundesliga,2026_05_09,12:30 PM,Wolfsburg,Bayern Munich,0.0,1.0,Loss,0.1429240221527328,0.4610452327507509,0.8724610856127731,1.31,-323,0.10_to_0.15,0.1,0.45_to_0.50,0.45,-300_or_lower,-10000.0,05,5,0.8_to_0.9,0.8,,missing,
61514190,soccer,bundesliga,2026_05_09,09:30 AM,VfB Stuttgart,Leverkusen,total25,under,3.35,235,0.4305697002130124,0.1832211490268138,0.4270357314068694,0.4305697002130124,ml_under25_prob,ml_under25_prob,0.7467345047960124,ml_over25_predictability,0.2916933268986564,ml_over25_skip_prob,,,,,,,,,,,2026_05_09,bundesliga,total25,under25,3.35,235,0.4305697002130124,bundesliga,2026_05_09,09:30 AM,VfB Stuttgart,Leverkusen,3.0,1.0,Loss,0.4305697002130124,0.1832211490268138,0.4270357314068694,3.35,235,0.40_to_0.45,0.4,0.15_to_0.20,0.15,+200_to_+249,200.0,05,5,0.4_to_0.5,0.4,,missing,
61514192,soccer,bundesliga,2026_05_09,12:30 PM,Wolfsburg,Bayern Munich,total25,under,3.9,290,0.4663971166835066,0.1608265919598298,0.3759992606880786,0.4663971166835066,ml_under25_prob,ml_under25_prob,0.7945121895978375,ml_over25_predictability,0.2769254447249867,ml_over25_skip_prob,,,,,,,,,,,2026_05_09,bundesliga,total25,under25,3.9,290,0.4663971166835066,bundesliga,2026_05_09,12:30 PM,Wolfsburg,Bayern Munich,0.0,1.0,Win,0.4663971166835066,0.1608265919598298,0.3759992606880786,3.9,290,0.45_to_0.50,0.45,0.15_to_0.20,0.15,+250_to_+299,250.0,05,5,0.3_to_0.4,0.3,,missing,
61514196,soccer,bundesliga,2026_05_09,09:30 AM,Hoffenheim,Werder Bremen,total35,under,1.86,-116,0.1652357116751922,0.1921345484595259,0.626470812728598,0.1652357116751922,ml_under35_prob,ml_under35_prob,0.5511229634284973,ml_over35_predictability,0.1934173554182052,ml_over35_skip_prob,,,,,,,,,,,2026_05_09,bundesliga,total35,under35,1.86,-116,0.1652357116751922,bundesliga,2026_05_09,09:30 AM,Hoffenheim,Werder Bremen,1.0,0.0,Win,0.1652357116751922,0.1921345484595259,0.626470812728598,1.86,-116,0.15_to_0.20,0.15,0.15_to_0.20,0.15,-149_to_-100,-149.0,05,5,0.6_to_0.7,0.6,,missing,
61514200,soccer,bundesliga,2026_05_10,09:30 AM,Hamburg,Freiburg,btts,yes,1.55,-182,0.0282197977237985,0.0513087231341792,0.6633676114347087,0.0282197977237985,ml_btts_yes_prob,ml_btts_yes_prob,0.6995932761683792,ml_btts_predictability,0.2900444446252986,ml_btts_skip_prob,,,,,,,,,,,2026_05_10,bundesliga,btts,btts_yes,1.55,-182,0.0282197977237985,bundesliga,2026_05_10,09:30 AM,Hamburg,Freiburg,3.0,2.0,Win,0.0282197977237985,0.0513087231341792,0.6633676114347087,1.55,-182,0.00_to_0.05,0.0,0.05_to_0.10,0.05,-199_to_-150,-199.0,05,5,0.6_to_0.7,0.6,,missing,
61514198,soccer,bundesliga,2026_05_10,11:30 AM,Koln,Heidenheim,btts,yes,1.4,-250,0.1359190409374331,0.3397976023435828,0.811370743526738,0.1359190409374331,ml_btts_yes_prob,ml_btts_yes_prob,0.8500151379750488,ml_btts_predictability,0.2547916640975978,ml_btts_skip_prob,,,,,,,,,,,2026_05_10,bundesliga,btts,btts_yes,1.4,-250,0.1359190409374331,bundesliga,2026_05_10,11:30 AM,Koln,Heidenheim,1.0,3.0,Win,0.1359190409374331,0.3397976023435828,0.811370743526738,1.4,-250,0.10_to_0.15,0.1,0.30_to_0.35,0.3,-299_to_-250,-299.0,05,5,0.8_to_0.9,0.8,,missing,
61301227,soccer,epl,2026_05_10,09:00 AM,Burnley,Aston Villa,total35,over,3.0,200,0.3481317968344841,0.174065898417242,0.4493772656114947,0.3481317968344841,ml_over35_prob,ml_over35_prob,0.6993825435638428,ml_over35_predictability,0.3344467878341675,ml_over35_skip_prob,,,,,,,,,,,2026_05_10,epl,total35,over35,3.0,200,0.3481317968344841,epl,2026_05_10,09:00 AM,Burnley,Aston Villa,2.0,2.0,Win,0.3481317968344841,0.174065898417242,0.4493772656114947,3.0,200,0.30_to_0.35,0.3,0.15_to_0.20,0.15,+200_to_+249,200.0,05,5,0.4_to_0.5,0.4,,missing,
61301229,soccer,epl,2026_05_10,09:00 AM,Crystal Palace,Everton,total35,over,3.4,240,0.5434490320225697,0.2264370966760707,0.453955597653697,0.5434490320225697,ml_over35_prob,ml_over35_prob,0.7825068235397339,ml_over35_predictability,0.4019144177436828,ml_over35_skip_prob,,,,,,,,,,,2026_05_10,epl,total35,over35,3.4,240,0.5434490320225697,epl,2026_05_10,09:00 AM,Crystal Palace,Everton,2.0,2.0,Win,0.5434490320225697,0.2264370966760707,0.453955597653697,3.4,240,0.50_to_0.55,0.5,0.20_to_0.25,0.2,+200_to_+249,200.0,05,5,0.4_to_0.5,0.4,,missing,
61624626,soccer,laliga,2026_05_10,08:00 AM,Mallorca,Villarreal,btts,yes,1.51,-196,0.1069557686684041,0.2097171934674591,0.7330832905088769,0.1069557686684041,ml_btts_yes_prob,ml_btts_yes_prob,0.7812442314027422,ml_btts_predictability,0.1672446985154723,ml_btts_skip_prob,,,,,,,,,,,2026_05_10,laliga,btts,btts_yes,1.51,-196,0.1069557686684041,laliga,2026_05_10,08:00 AM,Mallorca,Villarreal,1.0,1.0,Win,0.1069557686684041,0.2097171934674591,0.7330832905088769,1.51,-196,0.10_to_0.15,0.1,0.20_to_0.25,0.2,-199_to_-150,-199.0,05,5,0.7_to_0.8,0.7,,missing,
61526584,soccer,ligue1,2026_05_10,03:00 PM,Rennes,Paris FC,btts,no,2.4,140,0.171580712712396,0.1225576519374257,0.4881586302968317,0.171580712712396,ml_btts_no_prob,ml_btts_no_prob,0.6476272685070474,ml_btts_predictability,0.2291581621499178,ml_btts_skip_prob,,,,,,,,,,,2026_05_10,ligue1,btts,btts_no,2.4,140,0.171580712712396,ligue1,2026_05_10,03:00 PM,Rennes,Paris FC,2.0,1.0,Loss,0.171580712712396,0.1225576519374257,0.4881586302968317,2.4,140,0.15_to_0.20,0.15,0.10_to_0.15,0.1,+100_to_+149,100.0,05,5,0.4_to_0.5,0.4,,missing,
61526572,soccer,ligue1,2026_05_10,03:00 PM,Le Havre,Marseille,btts,no,2.55,155,0.2724998551734177,0.1758063581763985,0.4990195510483991,0.2724998551734177,ml_btts_no_prob,ml_btts_no_prob,0.53987060711163,ml_btts_predictability,0.2679651703806878,ml_btts_skip_prob,,,,,,,,,,,2026_05_10,ligue1,btts,btts_no,2.55,155,0.2724998551734177,ligue1,2026_05_10,03:00 PM,Le Havre,Marseille,0.0,1.0,Win,0.2724998551734177,0.1758063581763985,0.4990195510483991,2.55,155,0.25_to_0.30,0.25,0.15_to_0.20,0.15,+150_to_+199,150.0,05,5,0.4_to_0.5,0.4,,missing,
61526570,soccer,ligue1,2026_05_10,03:00 PM,Paris Saint Germain,Stade Brest,match_odds,home,1.17,-588,0.0309563902705816,0.1820964133563625,0.8811593079235741,0.0309563902705816,engine_home_prob,ml_home_prob,0.907702287403328,ml_1x2_predictability,0.3217371376581027,ml_1x2_skip_prob,0.8811593079235741,engine_home_prob,0.8811593079235741,engine_home_prob,0.8811593079235741,engine_home_prob,1.1348685657721422,0.8811593079235741,engine_home_prob,1.1348685657721422,2026_05_10,ligue1,match_odds,home,1.17,-588,0.0309563902705816,ligue1,2026_05_10,03:00 PM,Paris Saint Germain,Stade Brest,1.0,0.0,Win,0.0309563902705816,0.1820964133563625,0.8811593079235741,1.17,-588,0.00_to_0.05,0.0,0.15_to_0.20,0.15,-300_or_lower,-10000.0,05,5,0.8_to_0.9,0.8,0.8811593079235741,0.8_to_0.9,0.8
61526570,soccer,ligue1,2026_05_10,03:00 PM,Paris Saint Germain,Stade Brest,total25,under,3.3,230,0.1480671087831931,0.0643770038187797,0.3478991238736949,0.1480671087831931,ml_under25_prob,ml_under25_prob,0.7990375757217407,ml_over25_predictability,0.2514314353466034,ml_over25_skip_prob,,,,,,,,,,,2026_05_10,ligue1,total25,under25,3.3,230,0.1480671087831931,ligue1,2026_05_10,03:00 PM,Paris Saint Germain,Stade Brest,1.0,0.0,Win,0.1480671087831931,0.0643770038187797,0.3478991238736949,3.3,230,0.10_to_0.15,0.1,0.05_to_0.10,0.05,+200_to_+249,200.0,05,5,0.3_to_0.4,0.3,,missing,
61526584,soccer,ligue1,2026_05_10,03:00 PM,Rennes,Paris FC,total25,under,2.6,160,0.1211778291863344,0.0757361432414591,0.431222241994744,0.1211778291863344,ml_under25_prob,ml_under25_prob,0.6125373840332031,ml_over25_predictability,0.4390973150730133,ml_over25_skip_prob,,,,,,,,,,,2026_05_10,ligue1,total25,under25,2.6,160,0.1211778291863344,ligue1,2026_05_10,03:00 PM,Rennes,Paris FC,2.0,1.0,Loss,0.1211778291863344,0.0757361432414591,0.431222241994744,2.6,160,0.10_to_0.15,0.1,0.05_to_0.10,0.05,+150_to_+199,150.0,05,5,0.4_to_0.5,0.4,,missing,
61526578,soccer,ligue1,2026_05_10,03:00 PM,Auxerre,Nice,total35,under,3.5,250,1.774526157337,0.7098104629348001,0.7927217592391429,1.774526157337,ml_under35_prob,ml_under35_prob,0.805,ml_over35_predictability,0.2491741138811095,ml_over35_skip_prob,,,,,,,,,,,2026_05_10,ligue1,total35,under35,3.5,250,1.774526157337,ligue1,2026_05_10,03:00 PM,Auxerre,Nice,2.0,1.0,Win,1.774526157337,0.7098104629348001,0.7927217592391429,3.5,250,1.75_to_1.80,1.75,0.70_to_0.75,0.7,+250_to_+299,250.0,05,5,0.7_to_0.8,0.7,,missing,
61061655,soccer,seriea,2026_05_10,02:45 PM,Milan,Atalanta,btts,no,2.25,125,0.0313516293735013,0.0250813034988011,0.4583785019437784,0.0313516293735013,ml_btts_no_prob,ml_btts_no_prob,0.5064496656299208,ml_btts_predictability,0.2314064670301624,ml_btts_skip_prob,,,,,,,,,,,2026_05_10,seriea,btts,btts_no,2.25,125,0.0313516293735013,seriea,2026_05_10,02:45 PM,Milan,Atalanta,2.0,3.0,Loss,0.0313516293735013,0.0250813034988011,0.4583785019437784,2.25,125,0.00_to_0.05,0.0,0.00_to_0.05,0.0,+100_to_+149,100.0,05,5,0.4_to_0.5,0.4,,missing,
61061663,soccer,seriea,2026_05_10,06:30 AM,Verona,Como,match_odds,away,1.37,-270,0.0027094573534033,0.0073228577119011,0.7319047133966448,0.0027094573534034,engine_away_prob,ml_away_prob,0.7068202144424579,ml_1x2_predictability,0.2072823140518396,ml_1x2_skip_prob,0.7319047133966448,engine_away_prob,0.7319047133966448,engine_away_prob,0.7319047133966448,engine_away_prob,1.3662980736374422,0.7319047133966448,engine_away_prob,1.3662980736374422,2026_05_10,seriea,match_odds,away,1.37,-270,0.0027094573534034,seriea,2026_05_10,06:30 AM,Verona,Como,0.0,1.0,Win,0.0027094573534033,0.0073228577119011,0.7319047133966448,1.37,-270,0.00_to_0.05,0.0,0.00_to_0.05,0.0,-299_to_-250,-299.0,05,5,0.7_to_0.8,0.7,0.7319047133966448,0.7_to_0.8,0.7
61061663,soccer,seriea,2026_05_10,06:30 AM,Verona,Como,total35,under,3.5,250,1.677028147318135,0.670811258927254,0.7648651849480386,1.677028147318135,ml_under35_prob,ml_under35_prob,0.7197563727294121,ml_over35_predictability,0.2258993922035993,ml_over35_skip_prob,,,,,,,,,,,2026_05_10,seriea,total35,under35,3.5,250,1.677028147318135,seriea,2026_05_10,06:30 AM,Verona,Como,0.0,1.0,Win,1.677028147318135,0.670811258927254,0.7648651849480386,3.5,250,1.65_to_1.70,1.65,0.65_to_0.70,0.65,+250_to_+299,250.0,05,5,0.7_to_0.8,0.7,,missing,
61061649,soccer,seriea,2026_05_10,09:00 AM,Fiorentina,Genoa,total35,under,1.27,-370,0.0122680311840638,0.0454371525335701,0.7970614418772156,0.0122680311840638,ml_under35_prob,ml_under35_prob,0.8480828038291645,ml_over35_predictability,0.1570677355197244,ml_over35_skip_prob,,,,,,,,,,,2026_05_10,seriea,total35,under35,1.27,-370,0.0122680311840638,seriea,2026_05_10,09:00 AM,Fiorentina,Genoa,0.0,0.0,Win,0.0122680311840638,0.0454371525335701,0.7970614418772156,1.27,-370,0.00_to_0.05,0.0,0.00_to_0.05,0.0,-300_or_lower,-10000.0,05,5,0.7_to_0.8,0.7,,missing,
61061655,soccer,seriea,2026_05_10,02:45 PM,Milan,Atalanta,total35,under,1.37,-270,0.0877591742796339,0.2371869575125242,0.7939847987442583,0.0877591742796339,ml_under35_prob,ml_under35_prob,0.7503700064346296,ml_over35_predictability,0.2097955048297118,ml_over35_skip_prob,,,,,,,,,,,2026_05_10,seriea,total35,under35,1.37,-270,0.0877591742796339,seriea,2026_05_10,02:45 PM,Milan,Atalanta,2.0,3.0,Loss,0.0877591742796339,0.2371869575125242,0.7939847987442583,1.37,-270,0.05_to_0.10,0.05,0.20_to_0.25,0.2,-299_to_-250,-299.0,05,5,0.7_to_0.8,0.7,,missing,
61301243,soccer,epl,2026_05_11,03:00 PM,Tottenham Hotspur,Leeds,btts,yes,1.66,-152,0.0097736503323296,0.0148085611095902,0.6082973797182709,0.0097736503323296,ml_btts_yes_prob,ml_btts_yes_prob,0.6280454797245864,ml_btts_predictability,0.218307513229945,ml_btts_skip_prob,,,,,,,,,,,2026_05_11,epl,btts,btts_yes,1.66,-152,0.0097736503323296,epl,2026_05_11,03:00 PM,Tottenham Hotspur,Leeds,1.0,1.0,Win,0.0097736503323296,0.0148085611095902,0.6082973797182709,1.66,-152,0.00_to_0.05,0.0,0.00_to_0.05,0.0,-199_to_-150,-199.0,05,5,0.6_to_0.7,0.6,,missing,
61624642,soccer,laliga,2026_05_12,01:00 PM,Celta Vigo,Levante,btts,yes,1.68,-147,0.0251366445893723,0.0369656538079005,0.6102003836841502,0.0251366445893723,ml_btts_yes_prob,ml_btts_yes_prob,0.6294744120335202,ml_btts_predictability,0.2462772092417993,ml_btts_skip_prob,,,,,,,,,,,2026_05_12,laliga,btts,btts_yes,1.68,-147,0.0251366445893723,laliga,2026_05_12,01:00 PM,Celta Vigo,Levante,2.0,3.0,Win,0.0251366445893723,0.0369656538079005,0.6102003836841502,1.68,-147,0.00_to_0.05,0.0,0.00_to_0.05,0.0,-149_to_-100,-149.0,05,5,0.6_to_0.7,0.6,,missing,
61624650,soccer,laliga,2026_05_12,03:30 PM,Osasuna,Atletico Madrid,btts,yes,1.64,-156,0.0630295001165639,0.0984835939321311,0.6481887195832707,0.0630295001165639,ml_btts_yes_prob,ml_btts_yes_prob,0.631974060275902,ml_btts_predictability,0.1815944890548924,ml_btts_skip_prob,,,,,,,,,,,2026_05_12,laliga,btts,btts_yes,1.64,-156,0.0630295001165639,laliga,2026_05_12,03:30 PM,Osasuna,Atletico Madrid,1.0,2.0,Win,0.0630295001165639,0.0984835939321311,0.6481887195832707,1.64,-156,0.05_to_0.10,0.05,0.05_to_0.10,0.05,-199_to_-150,-199.0,05,5,0.6_to_0.7,0.6,,missing,
61624654,soccer,laliga,2026_05_13,01:00 PM,Villarreal,Sevilla,btts,yes,1.6,-167,0.0940742617991172,0.156790436331862,0.6837964136244482,0.0940742617991172,ml_btts_yes_prob,ml_btts_yes_prob,0.7590331036706209,ml_btts_predictability,0.1910964880274071,ml_btts_skip_prob,,,,,,,,,,,2026_05_13,laliga,btts,btts_yes,1.6,-167,0.0940742617991172,laliga,2026_05_13,01:00 PM,Villarreal,Sevilla,2.0,3.0,Win,0.0940742617991172,0.156790436331862,0.6837964136244482,1.6,-167,0.05_to_0.10,0.05,0.15_to_0.20,0.15,-199_to_-150,-199.0,05,5,0.6_to_0.7,0.6,,missing,
70315368,soccer,ligue1,2026_05_13,01:00 PM,Stade Brest,Strasbourg,btts,no,2.3,130,0.1228903252597,0.0945310194305384,0.4882131848955218,0.1228903252597,ml_btts_no_prob,ml_btts_no_prob,0.6175094134019423,ml_btts_predictability,0.3048605362677171,ml_btts_skip_prob,,,,,,,,,,,2026_05_13,ligue1,btts,btts_no,2.3,130,0.1228903252597,ligue1,2026_05_13,01:00 PM,Stade Brest,Strasbourg,1.0,2.0,Loss,0.1228903252597,0.0945310194305384,0.4882131848955218,2.3,130,0.10_to_0.15,0.1,0.05_to_0.10,0.05,+100_to_+149,100.0,05,5,0.4_to_0.5,0.4,,missing,
70315360,soccer,ligue1,2026_05_13,03:00 PM,Lens,Paris Saint Germain,total35,under,1.66,-152,0.2160080587359109,0.327284937478653,0.7325349751421151,0.2160080587359109,ml_under35_prob,ml_under35_prob,0.511,ml_over35_predictability,0.2563934734199851,ml_over35_skip_prob,,,,,,,,,,,2026_05_13,ligue1,total35,under35,1.66,-152,0.2160080587359109,ligue1,2026_05_13,03:00 PM,Lens,Paris Saint Germain,0.0,2.0,Win,0.2160080587359109,0.327284937478653,0.7325349751421151,1.66,-152,0.20_to_0.25,0.2,0.30_to_0.35,0.3,-199_to_-150,-199.0,05,5,0.7_to_0.8,0.7,,missing,
61624646,soccer,laliga,2026_05_14,02:00 PM,Girona,Real Sociedad,btts,yes,1.62,-161,0.1511901438277191,0.2438550706898696,0.7106111998936537,0.1511901438277191,ml_btts_yes_prob,ml_btts_yes_prob,0.6573764075878158,ml_btts_predictability,0.2109988518591704,ml_btts_skip_prob,,,,,,,,,,,2026_05_14,laliga,btts,btts_yes,1.62,-161,0.1511901438277191,laliga,2026_05_14,02:00 PM,Girona,Real Sociedad,1.0,1.0,Win,0.1511901438277191,0.2438550706898696,0.7106111998936537,1.62,-161,0.15_to_0.20,0.15,0.20_to_0.25,0.2,-199_to_-150,-199.0,05,5,0.7_to_0.8,0.7,,missing,
61515278,soccer,bundesliga,2026_05_16,09:30 AM,Eintracht Frankfurt,VfB Stuttgart,btts,no,3.5,250,0.5073054146143035,0.2029221658457213,0.430658689889801,0.5073054146143035,ml_btts_no_prob,ml_btts_no_prob,0.5641993124255156,ml_btts_predictability,0.260888571970829,ml_btts_skip_prob,,,,,,,,,,,2026_05_16,bundesliga,btts,btts_no,3.5,250,0.5073054146143035,bundesliga,2026_05_16,09:30 AM,Eintracht Frankfurt,VfB Stuttgart,2.0,2.0,Loss,0.5073054146143035,0.2029221658457213,0.430658689889801,3.5,250,0.50_to_0.55,0.5,0.20_to_0.25,0.2,+250_to_+299,250.0,05,5,0.4_to_0.5,0.4,,missing,
61515292,soccer,bundesliga,2026_05_16,09:30 AM,St Pauli,Wolfsburg,btts,yes,1.55,-182,0.0072801069606863,0.013236558110339,0.6498581335230235,0.0072801069606863,ml_btts_yes_prob,ml_btts_yes_prob,0.6512966733141199,ml_btts_predictability,0.2698012461578074,ml_btts_skip_prob,,,,,,,,,,,2026_05_16,bundesliga,btts,btts_yes,1.55,-182,0.0072801069606863,bundesliga,2026_05_16,09:30 AM,St Pauli,Wolfsburg,1.0,3.0,Win,0.0072801069606863,0.013236558110339,0.6498581335230235,1.55,-182,0.00_to_0.05,0.0,0.00_to_0.05,0.0,-199_to_-150,-199.0,05,5,0.6_to_0.7,0.6,,missing,
61515296,soccer,bundesliga,2026_05_16,09:30 AM,Heidenheim,Mainz,match_odds,draw,4.1,310,0.2520806888943203,0.0813163512562323,0.3053855338766635,0.2520806888943203,engine_draw_prob,ml_draw_prob,0.5552913085737501,ml_1x2_predictability,0.2811255141835151,ml_1x2_skip_prob,0.3053855338766635,engine_draw_prob,0.3053855338766635,engine_draw_prob,0.3053855338766635,engine_draw_prob,3.2745493452347727,0.3053855338766635,engine_draw_prob,3.2745493452347727,2026_05_16,bundesliga,match_odds,draw,4.1,310,0.2520806888943203,bundesliga,2026_05_16,09:30 AM,Heidenheim,Mainz,0.0,2.0,Loss,0.2520806888943203,0.0813163512562323,0.3053855338766635,4.1,310,0.25_to_0.30,0.25,0.05_to_0.10,0.05,+300_or_higher,300.0,05,5,0.3_to_0.4,0.3,0.3053855338766635,0.3_to_0.4,0.3
61515278,soccer,bundesliga,2026_05_16,09:30 AM,Eintracht Frankfurt,VfB Stuttgart,total35,under,2.0,100,0.2207868049938341,0.2207868049938341,0.6103934024969171,0.2207868049938341,ml_under35_prob,ml_under35_prob,0.5747421979904175,ml_over35_predictability,0.3320475220680237,ml_over35_skip_prob,,,,,,,,,,,2026_05_16,bundesliga,total35,under35,2.0,100,0.2207868049938341,bundesliga,2026_05_16,09:30 AM,Eintracht Frankfurt,VfB Stuttgart,2.0,2.0,Loss,0.2207868049938341,0.2207868049938341,0.6103934024969171,2.0,100,0.20_to_0.25,0.2,0.20_to_0.25,0.2,+100_to_+149,100.0,05,5,0.6_to_0.7,0.6,,missing,
61515276,soccer,bundesliga,2026_05_16,09:30 AM,Leverkusen,Hamburg,total35,under,2.05,105,0.3276272649512032,0.3120259666201935,0.6476230560737577,0.3276272649512032,ml_under35_prob,ml_under35_prob,0.5949065089225769,ml_over35_predictability,0.2006302922964096,ml_over35_skip_prob,,,,,,,,,,,2026_05_16,bundesliga,total35,under35,2.05,105,0.3276272649512032,bundesliga,2026_05_16,09:30 AM,Leverkusen,Hamburg,1.0,1.0,Win,0.3276272649512032,0.3120259666201935,0.6476230560737577,2.05,105,0.30_to_0.35,0.3,0.30_to_0.35,0.3,+100_to_+149,100.0,05,5,0.6_to_0.7,0.6,,missing,
61301265,soccer,epl,2026_05_17,10:00 AM,Wolverhampton,Fulham,btts,yes,1.66,-152,0.011516253271133,0.0174488685926258,0.609347140524779,0.011516253271133,ml_btts_yes_prob,ml_btts_yes_prob,0.560994725205813,ml_btts_predictability,0.2572633376913189,ml_btts_skip_prob,,,,,,,,,,,2026_05_17,epl,btts,btts_yes,1.66,-152,0.011516253271133,epl,2026_05_17,10:00 AM,Wolverhampton,Fulham,1.0,1.0,Win,0.011516253271133,0.0174488685926258,0.609347140524779,1.66,-152,0.00_to_0.05,0.0,0.00_to_0.05,0.0,-199_to_-150,-199.0,05,5,0.6_to_0.7,0.6,,missing,
61301253,soccer,epl,2026_05_17,10:00 AM,Brentford,Crystal Palace,btts,yes,1.66,-152,1.754933994607688e-05,2.6589909009291507e-05,0.6024202104457507,1.754933994607688e-05,ml_btts_yes_prob,ml_btts_yes_prob,0.6077145001352748,ml_btts_predictability,0.2111231884596187,ml_btts_skip_prob,,,,,,,,,,,2026_05_17,epl,btts,btts_yes,1.66,-152,1.754933994607688e-05,epl,2026_05_17,10:00 AM,Brentford,Crystal Palace,2.0,2.0,Win,1.754933994607688e-05,2.6589909009291507e-05,0.6024202104457507,1.66,-152,0.00_to_0.05,0.0,0.00_to_0.05,0.0,-199_to_-150,-199.0,05,5,0.6_to_0.7,0.6,,missing,
61624660,soccer,laliga,2026_05_17,01:00 PM,Atletico Madrid,Girona,btts,yes,1.64,-156,0.1280796083650811,0.2001243880704395,0.6878534197348056,0.1280796083650811,ml_btts_yes_prob,ml_btts_yes_prob,0.6711220919296669,ml_btts_predictability,0.2294413077055196,ml_btts_skip_prob,,,,,,,,,,,2026_05_17,laliga,btts,btts_yes,1.64,-156,0.1280796083650811,laliga,2026_05_17,01:00 PM,Atletico Madrid,Girona,1.0,0.0,Loss,0.1280796083650811,0.2001243880704395,0.6878534197348056,1.64,-156,0.10_to_0.15,0.1,0.20_to_0.25,0.2,-199_to_-150,-199.0,05,5,0.6_to_0.7,0.6,,missing,
61624666,soccer,laliga,2026_05_17,01:00 PM,Levante,Mallorca,btts,yes,1.64,-156,0.016622840861671,0.025973188846361,0.6198919761351653,0.016622840861671,ml_btts_yes_prob,ml_btts_yes_prob,0.6053439141636174,ml_btts_predictability,0.1952436718718319,ml_btts_skip_prob,,,,,,,,,,,2026_05_17,laliga,btts,btts_yes,1.64,-156,0.016622840861671,laliga,2026_05_17,01:00 PM,Levante,Mallorca,2.0,0.0,Loss,0.016622840861671,0.025973188846361,0.6198919761351653,1.64,-156,0.00_to_0.05,0.0,0.00_to_0.05,0.0,-199_to_-150,-199.0,05,5,0.6_to_0.7,0.6,,missing,
61624668,soccer,laliga,2026_05_17,01:00 PM,Vallecano,Villarreal,btts,yes,1.55,-182,0.0254158817313714,0.0462106940570389,0.6615586333750784,0.0254158817313714,ml_btts_yes_prob,ml_btts_yes_prob,0.6714436800605039,ml_btts_predictability,0.1863515889014244,ml_btts_skip_prob,,,,,,,,,,,2026_05_17,laliga,btts,btts_yes,1.55,-182,0.0254158817313714,laliga,2026_05_17,01:00 PM,Vallecano,Villarreal,2.0,0.0,Loss,0.0254158817313714,0.0462106940570389,0.6615586333750784,1.55,-182,0.00_to_0.05,0.0,0.00_to_0.05,0.0,-199_to_-150,-199.0,05,5,0.6_to_0.7,0.6,,missing,
61624670,soccer,laliga,2026_05_17,01:00 PM,Real Sociedad,Valencia,btts,yes,1.64,-156,0.0146988051534251,0.0229668830522267,0.6187187836301373,0.0146988051534251,ml_btts_yes_prob,ml_btts_yes_prob,0.5662716757577039,ml_btts_predictability,0.1960907950627114,ml_btts_skip_prob,,,,,,,,,,,2026_05_17,laliga,btts,btts_yes,1.64,-156,0.0146988051534251,laliga,2026_05_17,01:00 PM,Real Sociedad,Valencia,3.0,4.0,Win,0.0146988051534251,0.0229668830522267,0.6187187836301373,1.64,-156,0.00_to_0.05,0.0,0.00_to_0.05,0.0,-199_to_-150,-199.0,05,5,0.6_to_0.7,0.6,,missing,
61512162,soccer,ligue1,2026_05_17,03:00 PM,Nantes,Toulouse,btts,no,2.25,125,0.0861423595438732,0.0689138876350986,0.4827299375750548,0.0861423595438732,ml_btts_no_prob,ml_btts_no_prob,0.6573713629916439,ml_btts_predictability,0.1278020277562485,ml_btts_skip_prob,,,,,,,,,,,2026_05_17,ligue1,btts,btts_no,2.25,125,0.0861423595438732,,,,,,,,Missing Score,0.0861423595438732,0.0689138876350986,0.4827299375750548,2.25,125,0.05_to_0.10,0.05,0.05_to_0.10,0.05,+100_to_+149,100.0,05,5,0.4_to_0.5,0.4,,missing,
61512174,soccer,ligue1,2026_05_17,03:00 PM,Marseille,Rennes,btts,no,2.8,180,0.3127979428086014,0.1737766348936674,0.4688564081459291,0.3127979428086014,ml_btts_no_prob,ml_btts_no_prob,0.5264956673510149,ml_btts_predictability,0.2450771454744572,ml_btts_skip_prob,,,,,,,,,,,2026_05_17,ligue1,btts,btts_no,2.8,180,0.3127979428086014,ligue1,2026_05_17,03:00 PM,Marseille,Rennes,3.0,1.0,Loss,0.3127979428086014,0.1737766348936674,0.4688564081459291,2.8,180,0.30_to_0.35,0.3,0.15_to_0.20,0.15,+150_to_+199,150.0,05,5,0.4_to_0.5,0.4,,missing,
61512256,soccer,ligue1,2026_05_17,03:00 PM,Lyon,Lens,btts,no,2.4,140,0.1497570988870512,0.1069693563478936,0.4790654578696047,0.1497570988870512,ml_btts_no_prob,ml_btts_no_prob,0.5175706480840998,ml_btts_predictability,0.2992396590597106,ml_btts_skip_prob,,,,,,,,,,,2026_05_17,ligue1,btts,btts_no,2.4,140,0.1497570988870512,ligue1,2026_05_17,03:00 PM,Lyon,Lens,0.0,4.0,Win,0.1497570988870512,0.1069693563478936,0.4790654578696047,2.4,140,0.10_to_0.15,0.1,0.10_to_0.15,0.1,+100_to_+149,100.0,05,5,0.4_to_0.5,0.4,,missing,
61512174,soccer,ligue1,2026_05_17,03:00 PM,Marseille,Rennes,total35,under,1.64,-156,0.2104702482505845,0.3288597628915383,0.7380916147869419,0.2104702482505845,ml_under35_prob,ml_under35_prob,0.588,ml_over35_predictability,0.2529815727868337,ml_over35_skip_prob,,,,,,,,,,,2026_05_17,ligue1,total35,under35,1.64,-156,0.2104702482505845,ligue1,2026_05_17,03:00 PM,Marseille,Rennes,3.0,1.0,Loss,0.2104702482505845,0.3288597628915383,0.7380916147869419,1.64,-156,0.20_to_0.25,0.2,0.30_to_0.35,0.3,-199_to_-150,-199.0,05,5,0.7_to_0.8,0.7,,missing,
61512166,soccer,ligue1,2026_05_17,03:00 PM,Nice,Metz,total35,under,1.58,-172,0.2018783592710082,0.3480661366741521,0.7606825058677267,0.2018783592710082,ml_under35_prob,ml_under35_prob,0.659,ml_over35_predictability,0.2443010495437963,ml_over35_skip_prob,,,,,,,,,,,2026_05_17,ligue1,total35,under35,1.58,-172,0.2018783592710082,ligue1,2026_05_17,03:00 PM,Nice,Metz,0.0,0.0,Win,0.2018783592710082,0.3480661366741521,0.7606825058677267,1.58,-172,0.20_to_0.25,0.2,0.30_to_0.35,0.3,-199_to_-150,-199.0,05,5,0.7_to_0.8,0.7,,missing,
61061677,soccer,seriea,2026_05_17,06:00 AM,Pisa,Napoli,match_odds,away,1.34,-294,0.0170932707206958,0.0502743256491055,0.7590248288960416,0.0170932707206961,engine_away_prob,ml_away_prob,0.747627218351472,ml_1x2_predictability,0.2205102551903986,ml_1x2_skip_prob,0.7590248288960416,engine_away_prob,0.7590248288960416,engine_away_prob,0.7590248288960416,engine_away_prob,1.3174799584019443,0.7590248288960416,engine_away_prob,1.3174799584019443,2026_05_17,seriea,match_odds,away,1.34,-294,0.0170932707206961,seriea,2026_05_17,06:00 AM,Pisa,Napoli,0.0,3.0,Win,0.0170932707206958,0.0502743256491055,0.7590248288960416,1.34,-294,0.00_to_0.05,0.0,0.05_to_0.10,0.05,-299_to_-250,-299.0,05,5,0.7_to_0.8,0.7,0.7590248288960416,0.7_to_0.8,0.7
61061675,soccer,seriea,2026_05_17,06:30 AM,Juventus,Fiorentina,total25,under,2.3,130,0.0173336284059102,0.0133335603122386,0.4423189688721349,0.0173336284059102,ml_under25_prob,ml_under25_prob,0.5496310727424425,ml_over25_predictability,0.2885794677131174,ml_over25_skip_prob,,,,,,,,,,,2026_05_17,seriea,total25,under25,2.3,130,0.0173336284059102,seriea,2026_05_17,06:00 AM,Juventus,Fiorentina,0.0,2.0,Win,0.0173336284059102,0.0133335603122386,0.4423189688721349,2.3,130,0.00_to_0.05,0.0,0.00_to_0.05,0.0,+100_to_+149,100.0,05,5,0.4_to_0.5,0.4,,missing,
61061673,soccer,seriea,2026_05_17,09:00 AM,Inter Milan,Verona,total35,under,1.55,-182,0.1417893733550983,0.2577988606456333,0.736638305390386,0.1417893733550983,ml_under35_prob,ml_under35_prob,0.6352626679455665,ml_over35_predictability,0.2355102231834666,ml_over35_skip_prob,,,,,,,,,,,2026_05_17,seriea,total35,under35,1.55,-182,0.1417893733550983,seriea,2026_05_17,09:00 AM,Inter Milan,Verona,1.0,1.0,Win,0.1417893733550983,0.2577988606456333,0.736638305390386,1.55,-182,0.10_to_0.15,0.1,0.25_to_0.30,0.25,-199_to_-150,-199.0,05,5,0.7_to_0.8,0.7,,missing,
61301249,soccer,epl,2026_05_18,03:00 PM,Arsenal,Burnley,btts,yes,2.55,155,0.1430230942754553,0.0922729640486808,0.448244350696257,0.1430230942754553,ml_btts_yes_prob,ml_btts_yes_prob,0.6079408989262993,ml_btts_predictability,0.3043534156941207,ml_btts_skip_prob,,,,,,,,,,,2026_05_18,epl,btts,btts_yes,2.55,155,0.1430230942754553,,,,,,,,Missing Score,0.1430230942754553,0.0922729640486808,0.448244350696257,2.55,155,0.10_to_0.15,0.1,0.05_to_0.10,0.05,+150_to_+199,150.0,05,5,0.4_to_0.5,0.4,,missing,
61301247,soccer,epl,2026_05_19,02:30 PM,Bournemouth,Manchester City,btts,no,2.75,175,0.1134225860571608,0.0648129063183776,0.4048809403844221,0.1134225860571608,ml_btts_no_prob,ml_btts_no_prob,0.5621323004218223,ml_btts_predictability,0.2945496378798432,ml_btts_skip_prob,,,,,,,,,,,2026_05_19,epl,btts,btts_no,2.75,175,0.1134225860571608,epl,2026_05_19,02:30 PM,Bournemouth,Manchester City,1.0,1.0,Loss,0.1134225860571608,0.0648129063183776,0.4048809403844221,2.75,175,0.10_to_0.15,0.1,0.05_to_0.10,0.05,+150_to_+199,150.0,05,5,0.4_to_0.5,0.4,,missing,
61061689,soccer,seriea,2026_05_22,02:45 PM,Fiorentina,Atalanta,btts,no,2.5,150,0.1316119562475897,0.0877413041650598,0.4526447824990359,0.1316119562475897,ml_btts_no_prob,ml_btts_no_prob,0.5125830483910886,ml_btts_predictability,0.240322312606288,ml_btts_skip_prob,,,,,,,,,,,2026_05_22,seriea,btts,btts_no,2.5,150,0.1316119562475897,seriea,2026_05_22,02:45 PM,Fiorentina,Atalanta,1.0,1.0,Loss,0.1316119562475897,0.0877413041650598,0.4526447824990359,2.5,150,0.10_to_0.15,0.1,0.05_to_0.10,0.05,+150_to_+199,150.0,05,5,0.4_to_0.5,0.4,,missing,
61624678,soccer,laliga,2026_05_23,03:00 PM,Alaves,Vallecano,btts,yes,1.74,-135,0.2479333475070205,0.3350450641986763,0.7172030732798969,0.2479333475070205,ml_btts_yes_prob,ml_btts_yes_prob,0.7156544697288553,ml_btts_predictability,0.2068400155160429,ml_btts_skip_prob,,,,,,,,,,,2026_05_23,laliga,btts,btts_yes,1.74,-135,0.2479333475070205,laliga,2026_05_23,03:00 PM,Alaves,Vallecano,1.0,2.0,Win,0.2479333475070205,0.3350450641986763,0.7172030732798969,1.74,-135,0.20_to_0.25,0.2,0.30_to_0.35,0.3,-149_to_-100,-149.0,05,5,0.7_to_0.8,0.7,,missing,
61624696,soccer,laliga,2026_05_23,03:00 PM,Girona,Elche,btts,yes,1.64,-156,0.0856150815704797,0.1337735649538745,0.661960415591756,0.0856150815704797,ml_btts_yes_prob,ml_btts_yes_prob,0.6260880817149572,ml_btts_predictability,0.2504535607810466,ml_btts_skip_prob,,,,,,,,,,,2026_05_23,laliga,btts,btts_yes,1.64,-156,0.0856150815704797,laliga,2026_05_23,03:00 PM,Girona,Elche,1.0,1.0,Win,0.0856150815704797,0.1337735649538745,0.661960415591756,1.64,-156,0.05_to_0.10,0.05,0.10_to_0.15,0.1,-199_to_-150,-199.0,05,5,0.6_to_0.7,0.6,,missing,
61624684,soccer,laliga,2026_05_23,03:00 PM,Espanyol,Real Sociedad,btts,yes,1.58,-172,0.0995009561580569,0.1715533726863049,0.6958866811126942,0.0995009561580569,ml_btts_yes_prob,ml_btts_yes_prob,0.658861024052967,ml_btts_predictability,0.1965203605521189,ml_btts_skip_prob,,,,,,,,,,,2026_05_23,laliga,btts,btts_yes,1.58,-172,0.0995009561580569,laliga,2026_05_23,03:00 PM,Espanyol,Real Sociedad,1.0,1.0,Win,0.0995009561580569,0.1715533726863049,0.6958866811126942,1.58,-172,0.05_to_0.10,0.05,0.15_to_0.20,0.15,-199_to_-150,-199.0,05,5,0.6_to_0.7,0.6,,missing,
61624682,soccer,laliga,2026_05_23,03:00 PM,Celta Vigo,Sevilla,btts,yes,1.83,-120,0.3702937083854571,0.4461369980547676,0.7487943761669165,0.3702937083854571,ml_btts_yes_prob,ml_btts_yes_prob,0.7270614172651446,ml_btts_predictability,0.2592478140252044,ml_btts_skip_prob,,,,,,,,,,,2026_05_23,laliga,btts,btts_yes,1.83,-120,0.3702937083854571,laliga,2026_05_23,03:00 PM,Celta Vigo,Sevilla,1.0,0.0,Loss,0.3702937083854571,0.4461369980547676,0.7487943761669165,1.83,-120,0.35_to_0.40,0.35,0.40_to_0.45,0.4,-149_to_-100,-149.0,05,5,0.7_to_0.8,0.7,,missing,
61624696,soccer,laliga,2026_05_23,03:00 PM,Girona,Elche,match_odds,home,1.76,-132,0.0635581761909271,0.0836291791985884,0.6042944182902995,0.0635581761909271,engine_home_prob,ml_home_prob,0.6360784441282362,ml_1x2_predictability,0.3128796720168552,ml_1x2_skip_prob,0.6042944182902995,engine_home_prob,0.6042944182902995,engine_home_prob,0.6042944182902995,engine_home_prob,1.6548224999814674,0.6042944182902995,engine_home_prob,1.6548224999814674,2026_05_23,laliga,match_odds,home,1.76,-132,0.0635581761909271,laliga,2026_05_23,03:00 PM,Girona,Elche,1.0,1.0,Loss,0.0635581761909271,0.0836291791985884,0.6042944182902995,1.76,-132,0.05_to_0.10,0.05,0.05_to_0.10,0.05,-149_to_-100,-149.0,05,5,0.6_to_0.7,0.6,0.6042944182902995,0.6_to_0.7,0.6
61624688,soccer,laliga,2026_05_23,03:00 PM,Mallorca,Real Oviedo,total25,under,1.86,-116,0.082565232169526,0.0960060839180535,0.5820243183707129,0.082565232169526,ml_under25_prob,ml_under25_prob,0.5127484094604761,ml_over25_predictability,0.2278667247412212,ml_over25_skip_prob,,,,,,,,,,,2026_05_23,laliga,total25,under25,1.86,-116,0.082565232169526,laliga,2026_05_23,03:00 PM,Mallorca,Real Oviedo,3.0,0.0,Loss,0.082565232169526,0.0960060839180535,0.5820243183707129,1.86,-116,0.05_to_0.10,0.05,0.05_to_0.10,0.05,-149_to_-100,-149.0,05,5,0.5_to_0.6,0.5,,missing,
61301267,soccer,epl,2026_05_24,11:00 AM,Brighton,Manchester United,btts,no,2.7,170,0.0485979538843401,0.0285870316966706,0.3883696125497556,0.0485979538843401,ml_btts_no_prob,ml_btts_no_prob,0.5845120005408382,ml_btts_predictability,0.2678588884582487,ml_btts_skip_prob,,,,,,,,,,,2026_05_24,epl,btts,btts_no,2.7,170,0.0485979538843401,epl,2026_05_24,11:00 AM,Brighton,Manchester United,0.0,3.0,Win,0.0485979538843401,0.0285870316966706,0.3883696125497556,2.7,170,0.00_to_0.05,0.0,0.00_to_0.05,0.0,+150_to_+199,150.0,05,5,0.3_to_0.4,0.3,,missing,
61301275,soccer,epl,2026_05_24,11:00 AM,Liverpool,Brentford,btts,no,2.8,180,0.1535139573143846,0.0852855318413248,0.4119692704694231,0.1535139573143846,ml_btts_no_prob,ml_btts_no_prob,0.5923773988022119,ml_btts_predictability,0.2712872480018771,ml_btts_skip_prob,,,,,,,,,,,2026_05_24,epl,btts,btts_no,2.8,180,0.1535139573143846,epl,2026_05_24,11:00 AM,Liverpool,Brentford,1.0,1.0,Loss,0.1535139573143846,0.0852855318413248,0.4119692704694231,2.8,180,0.15_to_0.20,0.15,0.05_to_0.10,0.05,+150_to_+199,150.0,05,5,0.4_to_0.5,0.4,,missing,
61301273,soccer,epl,2026_05_24,11:00 AM,Fulham,Newcastle,btts,no,2.7,170,0.1917789009080467,0.112811118181204,0.4413995929289062,0.1917789009080467,ml_btts_no_prob,ml_btts_no_prob,0.5318605553341856,ml_btts_predictability,0.2901770469895383,ml_btts_skip_prob,,,,,,,,,,,2026_05_24,epl,btts,btts_no,2.7,170,0.1917789009080467,epl,2026_05_24,11:00 AM,Fulham,Newcastle,2.0,0.0,Win,0.1917789009080467,0.112811118181204,0.4413995929289062,2.7,170,0.15_to_0.20,0.15,0.10_to_0.15,0.1,+150_to_+199,150.0,05,5,0.4_to_0.5,0.4,,missing,
61301277,soccer,epl,2026_05_24,11:00 AM,Manchester City,Aston Villa,btts,no,2.45,145,0.103138775491375,0.0711301899940517,0.4502607246903571,0.103138775491375,ml_btts_no_prob,ml_btts_no_prob,0.585116395779214,ml_btts_predictability,0.2725408135330163,ml_btts_skip_prob,,,,,,,,,,,2026_05_24,epl,btts,btts_no,2.45,145,0.103138775491375,epl,2026_05_24,11:00 AM,Manchester City,Aston Villa,1.0,2.0,Loss,0.103138775491375,0.0711301899940517,0.4502607246903571,2.45,145,0.10_to_0.15,0.1,0.05_to_0.10,0.05,+100_to_+149,100.0,05,5,0.4_to_0.5,0.4,,missing,
61301281,soccer,epl,2026_05_24,11:00 AM,Sunderland,Chelsea,btts,yes,1.62,-161,0.062800839834849,0.1012916771529825,0.6560499011326228,0.062800839834849,ml_btts_yes_prob,ml_btts_yes_prob,0.6054735617050381,ml_btts_predictability,0.2632650297244996,ml_btts_skip_prob,,,,,,,,,,,2026_05_24,epl,btts,btts_yes,1.62,-161,0.062800839834849,epl,2026_05_24,11:00 AM,Sunderland,Chelsea,2.0,1.0,Win,0.062800839834849,0.1012916771529825,0.6560499011326228,1.62,-161,0.05_to_0.10,0.05,0.10_to_0.15,0.1,-199_to_-150,-199.0,05,5,0.6_to_0.7,0.6,,missing,
61301275,soccer,epl,2026_05_24,11:00 AM,Liverpool,Brentford,match_odds,home,1.83,-120,0.2026492185196959,0.2441556849634891,0.6571853653113092,0.2026492185196957,engine_home_prob,ml_home_prob,0.6404200621960108,ml_1x2_predictability,0.2484933229172702,ml_1x2_skip_prob,0.6571853653113092,engine_home_prob,0.6571853653113092,engine_home_prob,0.6571853653113092,engine_home_prob,1.5216407010620197,0.6571853653113092,engine_home_prob,1.5216407010620197,2026_05_24,epl,match_odds,home,1.83,-120,0.2026492185196957,epl,2026_05_24,11:00 AM,Liverpool,Brentford,1.0,1.0,Loss,0.2026492185196959,0.2441556849634891,0.6571853653113092,1.83,-120,0.20_to_0.25,0.2,0.20_to_0.25,0.2,-149_to_-100,-149.0,05,5,0.6_to_0.7,0.6,0.6571853653113092,0.6_to_0.7,0.6
61301285,soccer,epl,2026_05_24,11:00 AM,West Ham,Leeds,match_odds,home,1.74,-135,0.0637356501531333,0.0861292569636938,0.6113423276742146,0.0637356501531334,engine_home_prob,ml_home_prob,0.7017392732002837,ml_1x2_predictability,0.2487695429273076,ml_1x2_skip_prob,0.6113423276742146,engine_home_prob,0.6113423276742146,engine_home_prob,0.6113423276742146,engine_home_prob,1.6357447451812983,0.6113423276742146,engine_home_prob,1.6357447451812983,2026_05_24,epl,match_odds,home,1.74,-135,0.0637356501531334,epl,2026_05_24,11:00 AM,West Ham,Leeds,3.0,0.0,Win,0.0637356501531333,0.0861292569636938,0.6113423276742146,1.74,-135,0.05_to_0.10,0.05,0.05_to_0.10,0.05,-149_to_-100,-149.0,05,5,0.6_to_0.7,0.6,0.6113423276742146,0.6_to_0.7,0.6
61301271,soccer,epl,2026_05_24,11:00 AM,Crystal Palace,Arsenal,match_odds,away,1.95,-105,0.0444238645657695,0.04676196270081,0.5356019818285997,0.0444238645657695,engine_away_prob,ml_away_prob,0.5668237089945869,ml_1x2_predictability,0.2424587194091266,ml_1x2_skip_prob,0.5356019818285997,engine_away_prob,0.5356019818285997,engine_away_prob,0.5356019818285997,engine_away_prob,1.8670580653676787,0.5356019818285997,engine_away_prob,1.8670580653676787,2026_05_24,epl,match_odds,away,1.95,-105,0.0444238645657695,epl,2026_05_24,11:00 AM,Crystal Palace,Arsenal,1.0,2.0,Win,0.0444238645657695,0.04676196270081,0.5356019818285997,1.95,-105,0.00_to_0.05,0.0,0.00_to_0.05,0.0,-149_to_-100,-149.0,05,5,0.5_to_0.6,0.5,0.5356019818285997,0.5_to_0.6,0.5
61301277,soccer,epl,2026_05_24,11:00 AM,Manchester City,Aston Villa,total35,under,2.0,100,0.0020314879140119,0.0020314879140119,0.501015743957006,0.0020314879140119,ml_under35_prob,ml_under35_prob,0.5364198684692383,ml_over35_predictability,0.3936766386032104,ml_over35_skip_prob,,,,,,,,,,,2026_05_24,epl,total35,under35,2.0,100,0.0020314879140119,epl,2026_05_24,11:00 AM,Manchester City,Aston Villa,1.0,2.0,Win,0.0020314879140119,0.0020314879140119,0.501015743957006,2.0,100,0.00_to_0.05,0.0,0.00_to_0.05,0.0,+100_to_+149,100.0,05,5,0.5_to_0.6,0.5,,missing,
61061699,soccer,seriea,2026_05_24,09:00 AM,Parma,Sassuolo,btts,no,2.25,125,0.0186199367792208,0.0148959494233766,0.4527199719018759,0.0186199367792208,ml_btts_no_prob,ml_btts_no_prob,0.5125419124384029,ml_btts_predictability,0.2251491945189311,ml_btts_skip_prob,,,,,,,,,,,2026_05_24,seriea,btts,btts_no,2.25,125,0.0186199367792208,seriea,2026_05_24,09:00 AM,Parma,Sassuolo,1.0,0.0,Win,0.0186199367792208,0.0148959494233766,0.4527199719018759,2.25,125,0.00_to_0.05,0.0,0.00_to_0.05,0.0,+100_to_+149,100.0,05,5,0.4_to_0.5,0.4,,missing,
61061703,soccer,seriea,2026_05_24,02:45 PM,Verona,Roma,match_odds,away,1.32,-312,0.0321798520422759,0.1005620376321125,0.7819544333653605,0.0321798520422758,engine_away_prob,ml_away_prob,0.7774944143378887,ml_1x2_predictability,0.2115992523592328,ml_1x2_skip_prob,0.7819544333653605,engine_away_prob,0.7819544333653605,engine_away_prob,0.7819544333653605,engine_away_prob,1.2788468960988164,0.7819544333653605,engine_away_prob,1.2788468960988164,2026_05_24,seriea,match_odds,away,1.32,-312,0.0321798520422758,seriea,2026_05_24,02:45 PM,Verona,Roma,0.0,2.0,Win,0.0321798520422759,0.1005620376321125,0.7819544333653605,1.32,-312,0.00_to_0.05,0.0,0.10_to_0.15,0.1,-300_or_lower,-10000.0,05,5,0.7_to_0.8,0.7,0.7819544333653605,0.7_to_0.8,0.7
61061693,soccer,seriea,2026_05_24,02:45 PM,Lecce,Genoa,total25,under,1.57,-175,0.0484871285486364,0.0850651378046251,0.6678261965277938,0.0484871285486364,ml_under25_prob,ml_under25_prob,0.5027389794910893,ml_over25_predictability,0.1913492882747517,ml_over25_skip_prob,,,,,,,,,,,2026_05_24,seriea,total25,under25,1.57,-175,0.0484871285486364,seriea,2026_05_24,02:45 PM,Lecce,Genoa,1.0,0.0,Win,0.0484871285486364,0.0850651378046251,0.6678261965277938,1.57,-175,0.00_to_0.05,0.0,0.05_to_0.10,0.05,-199_to_-150,-199.0,05,5,0.6_to_0.7,0.6,,missing,
69829676,soccer,mls,2026_08_08,04:30 PM,New England Revolution,Houston Dynamo,btts,yes,1.667,-150,0.0015601916909218,0.002339117977394,0.6008159518241882,0.0015601916909218,ml_btts_yes_prob,ml_btts_yes_prob,0.5055724382400513,ml_btts_predictability,0.2966928780078888,ml_btts_skip_prob,,,,,,,,,,,2026_08_08,mls,btts,btts_yes,1.667,-150,0.0015601916909218,mls,2026_08_08,04:30 PM,New England Revolution,Houston Dynamo,0.0,2.0,Loss,0.0015601916909218,0.002339117977394,0.6008159518241882,1.667,-150,0.00_to_0.05,0.0,0.00_to_0.05,0.0,-199_to_-150,-199.0,08,8,0.6_to_0.7,0.6,,missing,
761719,soccer,mls,2026_08_15,09:30 PM,Real Salt Lake,Minnesota United,btts,yes,1.57,-175,0.0030744689702987,0.0053938052110505,0.6389009356498718,0.0030744689702987,ml_btts_yes_prob,ml_btts_yes_prob,0.6056194305419922,ml_btts_predictability,0.3332510888576507,ml_btts_skip_prob,,,,,,,,,,,2026_08_15,mls,btts,btts_yes,1.57,-175,0.0030744689702987,mls,2026_08_15,09:30 PM,Real Salt Lake,Minnesota United,1.0,1.0,Win,0.0030744689702987,0.0053938052110505,0.6389009356498718,1.57,-175,0.00_to_0.05,0.0,0.00_to_0.05,0.0,-199_to_-150,-199.0,08,8,0.6_to_0.7,0.6,,missing,
761724,soccer,mls,2026_08_16,10:30 PM,Seattle Sounders,Vancouver Whitecaps,btts,yes,1.52,-192,0.0312447977066039,0.0600861494357767,0.6784505248069763,0.0312447977066039,ml_btts_yes_prob,ml_btts_yes_prob,0.6285083293914795,ml_btts_predictability,0.3529060184955597,ml_btts_skip_prob,,,,,,,,,,,2026_08_16,mls,btts,btts_yes,1.52,-192,0.0312447977066039,mls,2026_08_16,10:30 PM,Seattle Sounders,Vancouver Whitecaps,0.0,2.0,Loss,0.0312447977066039,0.0600861494357767,0.6784505248069763,1.52,-192,0.00_to_0.05,0.0,0.05_to_0.10,0.05,-199_to_-150,-199.0,08,8,0.6_to_0.7,0.6,,missing,
761722,soccer,mls,2026_08_16,06:00 PM,New York City FC,Philadelphia Union,total25,under,2.3,130,0.0465442322758418,0.0358032555968014,0.4550192314242791,0.0465442322758418,ml_under25_prob,ml_under25_prob,0.5224293010728686,ml_over25_predictability,0.1963055291613739,ml_over25_skip_prob,,,,,,,,,,,2026_08_16,mls,total25,under25,2.3,130,0.0465442322758418,mls,2026_08_16,06:00 PM,New York City FC,Philadelphia Union,2.0,3.0,Loss,0.0465442322758418,0.0358032555968014,0.4550192314242791,2.3,130,0.00_to_0.05,0.0,0.00_to_0.05,0.0,+100_to_+149,100.0,08,8,0.4_to_0.5,0.4,,missing,
761724,soccer,mls,2026_08_16,10:30 PM,Seattle Sounders,Vancouver Whitecaps,total25,under,2.35,135,0.1005053818702509,0.0744484310150007,0.4683001624979791,0.1005053818702509,ml_under25_prob,ml_under25_prob,0.5154635737459604,ml_over25_predictability,0.1782425399071934,ml_over25_skip_prob,,,,,,,,,,,2026_08_16,mls,total25,under25,2.35,135,0.1005053818702509,mls,2026_08_16,10:30 PM,Seattle Sounders,Vancouver Whitecaps,0.0,2.0,Win,0.1005053818702509,0.0744484310150007,0.4683001624979791,2.35,135,0.10_to_0.15,0.1,0.05_to_0.10,0.05,+100_to_+149,100.0,08,8,0.4_to_0.5,0.4,,missing,
401882925,soccer,laliga,2026_08_19,03:00 PM,Atletico Madrid,Malaga,total25,under,2.25,125,0.1205274619052283,0.0964219695241826,0.4980122052912126,0.1205274619052283,ml_under25_prob,ml_under25_prob,0.510313281764145,ml_over25_predictability,0.200434742058822,ml_over25_skip_prob,,,,,,,,,,,2026_08_19,laliga,total25,under25,2.25,125,0.1205274619052283,laliga,2026_08_19,03:00 PM,Atletico Madrid,Malaga,2.0,0.0,Win,0.1205274619052283,0.0964219695241826,0.4980122052912126,2.25,125,0.10_to_0.15,0.1,0.05_to_0.10,0.05,+100_to_+149,100.0,08,8,0.4_to_0.5,0.4,,missing,
761733,soccer,mls,2026_08_19,08:30 PM,Minnesota United,Atlanta United,btts,yes,1.62,-161,0.018445942401886,0.0297515200030421,0.628670334815979,0.018445942401886,ml_btts_yes_prob,ml_btts_yes_prob,0.5759943127632141,ml_btts_predictability,0.117358773946762,ml_btts_skip_prob,,,,,,,,,,,2026_08_19,mls,btts,btts_yes,1.62,-161,0.018445942401886,mls,2026_08_19,08:30 PM,Minnesota United,Atlanta United,1.0,2.0,Win,0.018445942401886,0.0297515200030421,0.628670334815979,1.62,-161,0.00_to_0.05,0.0,0.00_to_0.05,0.0,-199_to_-150,-199.0,08,8,0.6_to_0.7,0.6,,missing,
761739,soccer,mls,2026_08_19,10:30 PM,Vancouver Whitecaps,Houston Dynamo,btts,yes,1.74,-135,0.090459839105606,0.1222430258183867,0.6267010569572449,0.090459839105606,ml_btts_yes_prob,ml_btts_yes_prob,0.5213817954063416,ml_btts_predictability,0.3378365635871887,ml_btts_skip_prob,,,,,,,,,,,2026_08_19,mls,btts,btts_yes,1.74,-135,0.090459839105606,mls,2026_08_19,10:30 PM,Vancouver Whitecaps,Houston Dynamo,0.0,1.0,Loss,0.090459839105606,0.1222430258183867,0.6267010569572449,1.74,-135,0.05_to_0.10,0.05,0.10_to_0.15,0.1,-149_to_-100,-149.0,08,8,0.6_to_0.7,0.6,,missing,
761731,soccer,mls,2026_08_19,07:30 PM,Toronto FC,Charlotte FC,total25,under,2.25,125,0.0110319697250128,0.0088255757800101,0.4493475421000057,0.0110319697250128,ml_under25_prob,ml_under25_prob,0.5064318733809715,ml_over25_predictability,0.2041043539135732,ml_over25_skip_prob,,,,,,,,,,,2026_08_19,mls,total25,under25,2.25,125,0.0110319697250128,mls,2026_08_19,07:30 PM,Toronto FC,Charlotte FC,3.0,3.0,Loss,0.0110319697250128,0.0088255757800101,0.4493475421000057,2.25,125,0.00_to_0.05,0.0,0.00_to_0.05,0.0,+100_to_+149,100.0,08,8,0.4_to_0.5,0.4,,missing,
401876489,soccer,ligue1,2026_08_21,02:45 PM,Marseille,Strasbourg,total35,under,1.62,-161,0.1835918276305995,0.2961158510170958,0.7306122392781478,0.1835918276305995,ml_under35_prob,ml_under35_prob,0.734,ml_over35_predictability,0.2545260992335718,ml_over35_skip_prob,,,,,,,,,,,2026_08_21,ligue1,total35,under35,1.62,-161,0.1835918276305995,ligue1,2026_08_21,02:45 PM,Marseille,Strasbourg,4.0,0.0,Loss,0.1835918276305995,0.2961158510170958,0.7306122392781478,1.62,-161,0.15_to_0.20,0.15,0.25_to_0.30,0.25,-199_to_-150,-199.0,08,8,0.7_to_0.8,0.7,,missing,
401879298,soccer,epl,2026_08_22,10:00 AM,Nottingham Forest,Leeds,btts,yes,3.7,270,1.2270755381691385,0.4544724215441252,0.6019123076132806,1.2270755381691385,ml_btts_yes_prob,ml_btts_yes_prob,0.5924740342808693,ml_btts_predictability,0.2632751117529267,ml_btts_skip_prob,,,,,,,,,,,2026_08_22,epl,btts,btts_yes,3.7,270,1.2270755381691385,epl,2026_08_22,10:00 AM,Nottingham Forest,Leeds,0.0,1.0,Loss,1.2270755381691385,0.4544724215441252,0.6019123076132806,3.7,270,1.20_to_1.25,1.2,0.45_to_0.50,0.45,+250_to_+299,250.0,08,8,0.6_to_0.7,0.6,,missing,
401879299,soccer,epl,2026_08_22,10:00 AM,Ipswich,Sunderland,btts,yes,3.15,215,0.8481761489241945,0.3945005343833462,0.5867225869600617,0.8481761489241945,ml_btts_yes_prob,ml_btts_yes_prob,0.5484450855148868,ml_btts_predictability,0.3015315022168557,ml_btts_skip_prob,,,,,,,,,,,2026_08_22,epl,btts,btts_yes,3.15,215,0.8481761489241945,epl,2026_08_22,10:00 AM,Ipswich,Sunderland,2.0,1.0,Win,0.8481761489241945,0.3945005343833462,0.5867225869600617,3.15,215,0.80_to_0.85,0.8,0.35_to_0.40,0.35,+200_to_+249,200.0,08,8,0.5_to_0.6,0.5,,missing,
401879299,soccer,epl,2026_08_22,10:00 AM,Ipswich,Sunderland,total35,under,1.67,-149,0.2128034536918209,0.3176170950624192,0.7262296129891144,0.2128034536918209,ml_under35_prob,ml_under35_prob,0.7870156764984131,ml_over35_predictability,0.3259860873222351,ml_over35_skip_prob,,,,,,,,,,,2026_08_22,epl,total35,under35,1.67,-149,0.2128034536918209,epl,2026_08_22,10:00 AM,Ipswich,Sunderland,2.0,1.0,Win,0.2128034536918209,0.3176170950624192,0.7262296129891144,1.67,-149,0.20_to_0.25,0.2,0.30_to_0.35,0.3,-149_to_-100,-149.0,08,8,0.7_to_0.8,0.7,,missing,
761747,soccer,mls,2026_08_22,08:30 PM,St Louis City,Houston Dynamo,btts,yes,1.66,-152,0.0097408473491668,0.0147588596199498,0.6082776188850403,0.0097408473491668,ml_btts_yes_prob,ml_btts_yes_prob,0.5886104702949524,ml_btts_predictability,0.2807165682315826,ml_btts_skip_prob,,,,,,,,,,,2026_08_22,mls,btts,btts_yes,1.66,-152,0.0097408473491668,mls,2026_08_22,08:30 PM,St Louis City,Houston Dynamo,2.0,1.0,Win,0.0097408473491668,0.0147588596199498,0.6082776188850403,1.66,-152,0.00_to_0.05,0.0,0.00_to_0.05,0.0,-199_to_-150,-199.0,08,8,0.6_to_0.7,0.6,,missing,
761749,soccer,mls,2026_08_22,09:30 PM,Vancouver Whitecaps,FC Dallas,btts,yes,1.6,-167,0.020792293548584,0.0346538225809733,0.637995183467865,0.020792293548584,ml_btts_yes_prob,ml_btts_yes_prob,0.5685989856719971,ml_btts_predictability,0.2790014147758484,ml_btts_skip_prob,,,,,,,,,,,2026_08_22,mls,btts,btts_yes,1.6,-167,0.020792293548584,mls,2026_08_22,09:30 PM,Vancouver Whitecaps,FC Dallas,5.0,0.0,Loss,0.020792293548584,0.0346538225809733,0.637995183467865,1.6,-167,0.00_to_0.05,0.0,0.00_to_0.05,0.0,-199_to_-150,-199.0,08,8,0.6_to_0.7,0.6,,missing,
761748,soccer,mls,2026_08_22,08:30 PM,Austin FC,Philadelphia Union,total25,under,2.35,135,0.0876333815473109,0.064913615960971,0.4628227155520472,0.0876333815473109,ml_under25_prob,ml_under25_prob,0.5452818171805386,ml_over25_predictability,0.1810004165980656,ml_over25_skip_prob,,,,,,,,,,,2026_08_22,mls,total25,under25,2.35,135,0.0876333815473109,mls,2026_08_22,09:00 PM,Austin FC,Philadelphia Union,1.0,1.0,Win,0.0876333815473109,0.064913615960971,0.4628227155520472,2.35,135,0.05_to_0.10,0.05,0.05_to_0.10,0.05,+100_to_+149,100.0,08,8,0.4_to_0.5,0.4,,missing,
401874745,soccer,seriea,2026_08_22,12:30 PM,Udinese,Como,match_odds,draw,3.5,250,0.1026075365919995,0.0410430146367998,0.3150307247405713,0.1026075365919996,engine_draw_prob,ml_draw_prob,0.5130829242122262,ml_draw_predictability,0.2913648747069328,ml_draw_skip_prob,0.3150307247405713,engine_draw_prob,0.3150307247405713,engine_draw_prob,0.3150307247405713,engine_draw_prob,3.1742935576315703,0.3150307247405713,engine_draw_prob,3.1742935576315703,2026_08_22,seriea,match_odds,draw,3.5,250,0.1026075365919996,seriea,2026_08_22,12:30 PM,Udinese,Como,1.0,1.0,Win,0.1026075365919995,0.0410430146367998,0.3150307247405713,3.5,250,0.10_to_0.15,0.1,0.00_to_0.05,0.0,+250_to_+299,250.0,08,8,0.3_to_0.4,0.3,0.3150307247405713,0.3_to_0.4,0.3
401874931,soccer,seriea,2026_08_22,12:30 PM,Inter Milan,Monza,total35,under,1.65,-154,0.221309848316778,0.3404766897181199,0.7401877868586534,0.221309848316778,ml_under35_prob,ml_under35_prob,0.5984259421656946,ml_over35_predictability,0.2238683782985907,ml_over35_skip_prob,,,,,,,,,,,2026_08_22,seriea,total35,under35,1.65,-154,0.221309848316778,seriea,2026_08_22,12:30 PM,Inter Milan,Monza,4.0,1.0,Loss,0.221309848316778,0.3404766897181199,0.7401877868586534,1.65,-154,0.20_to_0.25,0.2,0.30_to_0.35,0.3,-199_to_-150,-199.0,08,8,0.7_to_0.8,0.7,,missing,
401879297,soccer,epl,2026_08_23,09:00 AM,Brighton,Aston Villa,btts,yes,11.0,1000,5.511816578845142,0.5511816578845142,0.5919833253495583,5.511816578845142,ml_btts_yes_prob,ml_btts_yes_prob,0.5408434803860901,ml_btts_predictability,0.2910948768432535,ml_btts_skip_prob,,,,,,,,,,,2026_08_23,epl,btts,btts_yes,11.0,1000,5.511816578845142,epl,2026_08_23,09:00 AM,Brighton,Aston Villa,4.0,0.0,Loss,5.511816578845142,0.5511816578845142,0.5919833253495583,11.0,1000,5.50_to_5.55,5.5,0.55_to_0.60,0.55,+300_or_higher,300.0,08,8,0.5_to_0.6,0.5,,missing,
401879320,soccer,epl,2026_08_23,09:00 AM,Manchester City,Bournemouth,btts,yes,5.5,450,1.663506987301501,0.3696682194003335,0.484273997691182,1.663506987301501,ml_btts_yes_prob,ml_btts_yes_prob,0.5786916174028148,ml_btts_predictability,0.2435061833599195,ml_btts_skip_prob,,,,,,,,,,,2026_08_23,epl,btts,btts_yes,5.5,450,1.663506987301501,epl,2026_08_23,09:00 AM,Manchester City,Bournemouth,2.0,1.0,Win,1.663506987301501,0.3696682194003335,0.484273997691182,5.5,450,1.65_to_1.70,1.65,0.35_to_0.40,0.35,+300_or_higher,300.0,08,8,0.4_to_0.5,0.4,,missing,
401874930,soccer,seriea,2026_08_23,12:30 PM,Frosinone,Juventus,match_odds,away,1.42,-238,0.0189216704056631,0.0450515962039599,0.7175504721166642,0.0189216704056631,engine_away_prob,ml_away_prob,0.6559584062555737,ml_1x2_predictability,0.2332127666955701,ml_1x2_skip_prob,0.7175504721166642,engine_away_prob,0.7175504721166642,engine_away_prob,0.7175504721166642,engine_away_prob,1.3936301888982845,0.7175504721166642,engine_away_prob,1.3936301888982845,2026_08_23,seriea,match_odds,away,1.42,-238,0.0189216704056631,seriea,2026_08_23,12:30 PM,Frosinone,Juventus,0.0,1.0,Win,0.0189216704056631,0.0450515962039599,0.7175504721166642,1.42,-238,0.00_to_0.05,0.0,0.00_to_0.05,0.0,-249_to_-200,-249.0,08,8,0.7_to_0.8,0.7,0.7175504721166642,0.7_to_0.8,0.7
401874930,soccer,seriea,2026_08_23,12:30 PM,Frosinone,Juventus,total25,under,2.35,135,0.0888899948996762,0.0658444406664268,0.4633574446381601,0.0888899948996762,ml_under25_prob,ml_under25_prob,0.5081195431418376,ml_over25_predictability,0.2898489836946729,ml_over25_skip_prob,,,,,,,,,,,2026_08_23,seriea,total25,under25,2.35,135,0.0888899948996762,seriea,2026_08_23,12:30 PM,Frosinone,Juventus,0.0,1.0,Win,0.0888899948996762,0.0658444406664268,0.4633574446381601,2.35,135,0.05_to_0.10,0.05,0.05_to_0.10,0.05,+100_to_+149,100.0,08,8,0.4_to_0.5,0.4,,missing,
401874748,soccer,seriea,2026_08_23,02:45 PM,Atalanta,Sassuolo,total25,over,1.6,-167,0.121963446124327,0.2032724102072117,0.7012271538277044,0.121963446124327,ml_over25_prob,ml_over25_prob,0.653500073442687,ml_over25_predictability,0.2381394034131901,ml_over25_skip_prob,,,,,,,,,,,2026_08_23,seriea,total25,over25,1.6,-167,0.121963446124327,seriea,2026_08_23,02:45 PM,Atalanta,Sassuolo,2.0,1.0,Win,0.121963446124327,0.2032724102072117,0.7012271538277044,1.6,-167,0.10_to_0.15,0.1,0.20_to_0.25,0.2,-199_to_-150,-199.0,08,8,0.7_to_0.8,0.7,,missing,
401879318,soccer,epl,2026_08_24,03:00 PM,Fulham,Chelsea,total25,over,1.87,-115,0.3144952684031483,0.3614888142564923,0.7029386462048921,0.3144952684031483,ml_over25_prob,ml_over25_prob,0.7946134772068897,ml_over25_predictability,0.2088963996277925,ml_over25_skip_prob,,,,,,,,,,,2026_08_24,epl,total25,over25,1.87,-115,0.3144952684031483,epl,2026_08_24,03:00 PM,Fulham,Chelsea,2.0,3.0,Win,0.3144952684031483,0.3614888142564923,0.7029386462048921,1.87,-115,0.30_to_0.35,0.3,0.35_to_0.40,0.35,-149_to_-100,-149.0,08,8,0.7_to_0.8,0.7,,missing,
401874927,soccer,seriea,2026_08_24,12:30 PM,Bologna,Lazio,total25,under,1.59,-169,0.0127102277435123,0.0215427588873093,0.6369246715368002,0.0127102277435123,ml_under25_prob,ml_under25_prob,0.5908786982765374,ml_over25_predictability,0.2078482422055774,ml_over25_skip_prob,,,,,,,,,,,2026_08_24,seriea,total25,under25,1.59,-169,0.0127102277435123,seriea,2026_08_24,12:30 PM,Bologna,Lazio,0.0,1.0,Win,0.0127102277435123,0.0215427588873093,0.6369246715368002,1.59,-169,0.00_to_0.05,0.0,0.00_to_0.05,0.0,-199_to_-150,-199.0,08,8,0.6_to_0.7,0.6,,missing,
401884817,soccer,bundesliga,2026_08_28,02:30 PM,Bayern Munich,VfB Stuttgart,total35,under,1.88,-114,0.2093226675284722,0.2378666676459912,0.6432567380470597,0.2093226675284722,ml_under35_prob,ml_under35_prob,0.5999964475631714,ml_over35_predictability,0.1918890327215194,ml_over35_skip_prob,,,,,,,,,,,2026_08_28,bundesliga,total35,under35,1.88,-114,0.2093226675284722,bundesliga,2026_08_28,02:30 PM,Bayern Munich,VfB Stuttgart,5.0,1.0,Loss,0.2093226675284722,0.2378666676459912,0.6432567380470597,1.88,-114,0.20_to_0.25,0.2,0.20_to_0.25,0.2,-149_to_-100,-149.0,08,8,0.6_to_0.7,0.6,,missing,
401884812,soccer,bundesliga,2026_08_29,09:30 AM,Mainz,Paderborn,total35,under,1.69,-145,0.0790155319959283,0.1145152637622148,0.6384707289916736,0.0790155319959283,ml_under35_prob,ml_under35_prob,0.5255682468414307,ml_over35_predictability,0.1975577026605606,ml_over35_skip_prob,,,,,,,,,,,2026_08_29,bundesliga,total35,under35,1.69,-145,0.0790155319959283,bundesliga,2026_08_29,09:30 AM,Mainz,Paderborn,0.0,0.0,Win,0.0790155319959283,0.1145152637622148,0.6384707289916736,1.69,-145,0.05_to_0.10,0.05,0.10_to_0.15,0.1,-149_to_-100,-149.0,08,8,0.6_to_0.7,0.6,,missing,
401884815,soccer,bundesliga,2026_08_29,09:30 AM,RB Leipzig,Borussia Monchengladbach,total35,under,1.71,-141,0.0987286295903065,0.1390544078736711,0.6425313623335126,0.0987286295903065,ml_under35_prob,ml_under35_prob,0.5081865191459656,ml_over35_predictability,0.2233283519744873,ml_over35_skip_prob,,,,,,,,,,,2026_08_29,bundesliga,total35,under35,1.71,-141,0.0987286295903065,bundesliga,2026_08_29,09:30 AM,RB Leipzig,Borussia Monchengladbach,3.0,0.0,Win,0.0987286295903065,0.1390544078736711,0.6425313623335126,1.71,-141,0.05_to_0.10,0.05,0.10_to_0.15,0.1,-149_to_-100,-149.0,08,8,0.6_to_0.7,0.6,,missing,
401884816,soccer,bundesliga,2026_08_29,12:30 PM,Borussia Dortmund,Hamburg,total35,under,2.29,129,0.4877773023424694,0.3781219398003638,0.6496844115032617,0.4877773023424694,ml_under35_prob,ml_under35_prob,0.5949065089225769,ml_over35_predictability,0.2026873975992202,ml_over35_skip_prob,,,,,,,,,,,2026_08_29,bundesliga,total35,under35,2.29,129,0.4877773023424694,bundesliga,2026_08_29,12:30 PM,Borussia Dortmund,Hamburg,2.0,0.0,Win,0.4877773023424694,0.3781219398003638,0.6496844115032617,2.29,129,0.45_to_0.50,0.45,0.35_to_0.40,0.35,+100_to_+149,100.0,08,8,0.6_to_0.7,0.6,,missing,
761760,soccer,mls,2026_08_29,07:30 PM,Toronto FC,New York City FC,btts,yes,1.5,-200,0.0066213309764862,0.0132426619529724,0.6710808873176575,0.0066213309764862,ml_btts_yes_prob,ml_btts_yes_prob,0.6637990474700928,ml_btts_predictability,0.3147272765636444,ml_btts_skip_prob,,,,,,,,,,,2026_08_29,mls,btts,btts_yes,1.5,-200,0.0066213309764862,mls,2026_08_29,07:30 PM,Toronto FC,New York City FC,1.0,1.0,Win,0.0066213309764862,0.0132426619529724,0.6710808873176575,1.5,-200,0.00_to_0.05,0.0,0.00_to_0.05,0.0,-249_to_-200,-249.0,08,8,0.6_to_0.7,0.6,,missing,
761762,soccer,mls,2026_08_29,08:30 PM,Sporting Kansas City,Vancouver Whitecaps,btts,yes,1.6,-167,0.0383285522460938,0.0638809204101564,0.6489553451538086,0.0383285522460938,ml_btts_yes_prob,ml_btts_yes_prob,0.5121755003929138,ml_btts_predictability,0.483830064535141,ml_btts_skip_prob,,,,,,,,,,,2026_08_29,mls,btts,btts_yes,1.6,-167,0.0383285522460938,mls,2026_08_29,08:30 PM,Sporting Kansas City,Vancouver Whitecaps,0.0,3.0,Loss,0.0383285522460938,0.0638809204101564,0.6489553451538086,1.6,-167,0.00_to_0.05,0.0,0.05_to_0.10,0.05,-199_to_-150,-199.0,08,8,0.6_to_0.7,0.6,,missing,
761766,soccer,mls,2026_08_29,09:30 PM,Colorado Rapids,Real Salt Lake,btts,yes,1.55,-182,0.0017812877893448,0.003238705071536,0.6463105082511902,0.0017812877893448,ml_btts_yes_prob,ml_btts_yes_prob,0.725109338760376,ml_btts_predictability,0.2812987267971039,ml_btts_skip_prob,,,,,,,,,,,2026_08_29,mls,btts,btts_yes,1.55,-182,0.0017812877893448,mls,2026_08_29,09:30 PM,Colorado Rapids,Real Salt Lake,1.0,0.0,Loss,0.0017812877893448,0.003238705071536,0.6463105082511902,1.55,-182,0.00_to_0.05,0.0,0.00_to_0.05,0.0,-199_to_-150,-199.0,08,8,0.6_to_0.7,0.6,,missing,
761760,soccer,mls,2026_08_29,07:30 PM,Toronto FC,New York City FC,total25,under,2.35,135,0.0622919467008337,0.0461421827413582,0.4520391262556739,0.0622919467008337,ml_under25_prob,ml_under25_prob,0.5276687941794809,ml_over25_predictability,0.1986247930438317,ml_over25_skip_prob,,,,,,,,,,,2026_08_29,mls,total25,under25,2.35,135,0.0622919467008337,mls,2026_08_29,07:30 PM,Toronto FC,New York City FC,1.0,1.0,Win,0.0622919467008337,0.0461421827413582,0.4520391262556739,2.35,135,0.05_to_0.10,0.05,0.00_to_0.05,0.0,+100_to_+149,100.0,08,8,0.4_to_0.5,0.4,,missing,
761756,soccer,mls,2026_08_29,07:30 PM,DC United,Los Angeles FC,total25,under,2.15,115,0.011285000413631,0.0098130438379399,0.4703651164714563,0.011285000413631,ml_under25_prob,ml_under25_prob,0.5134290041144192,ml_over25_predictability,0.174907470219163,ml_over25_skip_prob,,,,,,,,,,,2026_08_29,mls,total25,under25,2.15,115,0.011285000413631,mls,2026_08_29,07:30 PM,DC United,Los Angeles FC,0.0,0.0,Win,0.011285000413631,0.0098130438379399,0.4703651164714563,2.15,115,0.00_to_0.05,0.0,0.00_to_0.05,0.0,+100_to_+149,100.0,08,8,0.4_to_0.5,0.4,,missing,
761768,soccer,mls,2026_08_29,10:30 PM,Portland Timbers,Austin FC,total35,under,1.74,-135,0.2396740321762358,0.3238838272651835,0.71245634033117,0.2396740321762358,ml_under35_prob,ml_under35_prob,0.7088392677729053,ml_over35_predictability,0.127862020818369,ml_over35_skip_prob,,,,,,,,,,,2026_08_29,mls,total35,under35,1.74,-135,0.2396740321762358,mls,2026_08_29,10:30 PM,Portland Timbers,Austin FC,1.0,2.0,Win,0.2396740321762358,0.3238838272651835,0.71245634033117,1.74,-135,0.20_to_0.25,0.2,0.30_to_0.35,0.3,-149_to_-100,-149.0,08,8,0.7_to_0.8,0.7,,missing,
401874743,soccer,seriea,2026_08_29,12:30 PM,Sassuolo,Torino,total25,under,1.53,-189,0.0138142643340636,0.0260646496869127,0.6626237021791266,0.0138142643340636,ml_under25_prob,ml_under25_prob,0.576804973625474,ml_over25_predictability,0.2117226647494327,ml_over25_skip_prob,,,,,,,,,,,2026_08_29,seriea,total25,under25,1.53,-189,0.0138142643340636,seriea,2026_08_29,12:30 PM,Sassuolo,Torino,2.0,1.0,Loss,0.0138142643340636,0.0260646496869127,0.6626237021791266,1.53,-189,0.00_to_0.05,0.0,0.00_to_0.05,0.0,-199_to_-150,-199.0,08,8,0.6_to_0.7,0.6,,missing,
401874749,soccer,seriea,2026_08_29,12:30 PM,Monza,Udinese,total25,under,1.67,-149,0.0496653895297225,0.0741274470592874,0.6285421494189956,0.0496653895297225,ml_under25_prob,ml_under25_prob,0.5058252228562371,ml_over25_predictability,0.2003514498689137,ml_over25_skip_prob,,,,,,,,,,,2026_08_29,seriea,total25,under25,1.67,-149,0.0496653895297225,seriea,2026_08_29,12:30 PM,Monza,Udinese,2.0,3.0,Loss,0.0496653895297225,0.0741274470592874,0.6285421494189956,1.67,-149,0.00_to_0.05,0.0,0.05_to_0.10,0.05,-149_to_-100,-149.0,08,8,0.6_to_0.7,0.6,,missing,
401879317,soccer,epl,2026_08_30,09:00 AM,Chelsea,Brighton,match_odds,home,1.87,-115,0.0389980308750361,0.0448253228448691,0.55561392025403,0.0389980308750361,engine_home_prob,ml_home_prob,0.5395191752418107,ml_1x2_predictability,0.2866391951608557,ml_1x2_skip_prob,0.55561392025403,engine_home_prob,0.55561392025403,engine_home_prob,0.55561392025403,engine_home_prob,1.7998109182412023,0.55561392025403,engine_home_prob,1.7998109182412023,2026_08_30,epl,match_odds,home,1.87,-115,0.0389980308750361,epl,2026_08_30,09:00 AM,Chelsea,Brighton,4.0,3.0,Win,0.0389980308750361,0.0448253228448691,0.55561392025403,1.87,-115,0.00_to_0.05,0.0,0.00_to_0.05,0.0,-149_to_-100,-149.0,08,8,0.5_to_0.6,0.5,0.55561392025403,0.5_to_0.6,0.5
401879313,soccer,epl,2026_08_30,09:00 AM,Sunderland,Fulham,total25,over,2.0,100,0.309934814476974,0.309934814476974,0.654967407238487,0.309934814476974,ml_over25_prob,ml_over25_prob,0.5492339018704165,ml_over25_predictability,0.197193761534539,ml_over25_skip_prob,,,,,,,,,,,2026_08_30,epl,total25,over25,2.0,100,0.309934814476974,epl,2026_08_30,09:00 AM,Sunderland,Fulham,1.0,0.0,Loss,0.309934814476974,0.309934814476974,0.654967407238487,2.0,100,0.30_to_0.35,0.3,0.30_to_0.35,0.3,+100_to_+149,100.0,08,8,0.6_to_0.7,0.6,,missing,
401882905,soccer,laliga,2026_08_30,03:30 PM,Celta Vigo,Athletic Club,total35,under,1.45,-222,0.4276696840024802,0.9503770755610668,0.984599782070676,0.4276696840024802,ml_under35_prob,ml_under35_prob,0.9997030787890452,ml_over35_predictability,0.1179932536830622,ml_over35_skip_prob,,,,,,,,,,,2026_08_30,laliga,total35,under35,1.45,-222,0.4276696840024802,laliga,2026_08_30,03:30 PM,Celta Vigo,Athletic Club,0.0,2.0,Win,0.4276696840024802,0.9503770755610668,0.984599782070676,1.45,-222,0.40_to_0.45,0.4,0.95_to_1.00,0.95,-249_to_-200,-249.0,08,8,0.9_to_1.0,0.9,,missing,
761758,soccer,mls,2026_08_30,04:30 PM,Columbus Crew,New England Revolution,btts,yes,1.5,-200,0.0027819275856018,0.0055638551712036,0.6685212850570679,0.0027819275856018,ml_btts_yes_prob,ml_btts_yes_prob,0.5028701424598694,ml_btts_predictability,0.3057751953601837,ml_btts_skip_prob,,,,,,,,,,,2026_08_30,mls,btts,btts_yes,1.5,-200,0.0027819275856018,mls,2026_08_30,04:30 PM,Columbus Crew,New England Revolution,1.0,3.0,Win,0.0027819275856018,0.0055638551712036,0.6685212850570679,1.5,-200,0.00_to_0.05,0.0,0.00_to_0.05,0.0,-249_to_-200,-249.0,08,8,0.6_to_0.7,0.6,,missing,
761758,soccer,mls,2026_08_30,04:30 PM,Columbus Crew,New England Revolution,total25,over,1.65,-154,0.015161631701594,0.0233255872332217,0.6152494737585419,0.015161631701594,ml_over25_prob,ml_over25_prob,0.5440771640854537,ml_over25_predictability,0.2908814345729776,ml_over25_skip_prob,,,,,,,,,,,2026_08_30,mls,total25,over25,1.65,-154,0.015161631701594,mls,2026_08_30,04:30 PM,Columbus Crew,New England Revolution,1.0,3.0,Win,0.015161631701594,0.0233255872332217,0.6152494737585419,1.65,-154,0.00_to_0.05,0.0,0.00_to_0.05,0.0,-199_to_-150,-199.0,08,8,0.6_to_0.7,0.6,,missing,
401884808,soccer,bundesliga,2026_09_04,02:30 PM,VfB Stuttgart,Koln,total35,under,2.0,100,0.2496737445708257,0.2496737445708257,0.6248368722854128,0.2496737445708257,ml_under35_prob,ml_under35_prob,0.5927728414535522,ml_over35_predictability,0.2014615684747696,ml_over35_skip_prob,,,,,,,,,,,2026_09_04,bundesliga,total35,under35,2.0,100,0.2496737445708257,,,,,,,,Missing Score,0.2496737445708257,0.2496737445708257,0.6248368722854128,2.0,100,0.20_to_0.25,0.2,0.20_to_0.25,0.2,+100_to_+149,100.0,09,9,0.6_to_0.7,0.6,,missing,
401876472,soccer,ligue1,2026_09_04,01:00 PM,Lyon,Auxerre,total25,under,2.4,140,0.0360099211063413,0.0257213722188152,0.4316708004609756,0.0360099211063413,ml_under25_prob,ml_under25_prob,0.549210250377655,ml_over25_predictability,0.3676813244819641,ml_over25_skip_prob,,,,,,,,,,,2026_09_04,ligue1,total25,under25,2.4,140,0.0360099211063413,,,,,,,,Missing Score,0.0360099211063413,0.0257213722188152,0.4316708004609756,2.4,140,0.00_to_0.05,0.0,0.00_to_0.05,0.0,+100_to_+149,100.0,09,9,0.4_to_0.5,0.4,,missing,
401884800,soccer,bundesliga,2026_09_05,09:30 AM,Paderborn,Freiburg,btts,yes,2.45,145,0.6974373914288262,0.4809913044336733,0.6928315883382964,0.6974373914288262,ml_btts_yes_prob,ml_btts_yes_prob,0.5859606178195477,ml_btts_predictability,0.2229077474391481,ml_btts_skip_prob,,,,,,,,,,,2026_09_05,bundesliga,btts,btts_yes,2.45,145,0.6974373914288262,,,,,,,,Missing Score,0.6974373914288262,0.4809913044336733,0.6928315883382964,2.45,145,0.65_to_0.70,0.65,0.45_to_0.50,0.45,+100_to_+149,100.0,09,9,0.6_to_0.7,0.6,,missing,
401884802,soccer,bundesliga,2026_09_05,09:30 AM,Werder Bremen,RB Leipzig,total35,under,1.8,-125,0.3636774106713656,0.454596763339207,0.757598561484092,0.3636774106713656,ml_under35_prob,ml_under35_prob,0.8106194734573364,ml_over35_predictability,0.3384993076324463,ml_over35_skip_prob,,,,,,,,,,,2026_09_05,bundesliga,total35,under35,1.8,-125,0.3636774106713656,,,,,,,,Missing Score,0.3636774106713656,0.454596763339207,0.757598561484092,1.8,-125,0.35_to_0.40,0.35,0.45_to_0.50,0.45,-149_to_-100,-149.0,09,9,0.7_to_0.8,0.7,,missing,
401884806,soccer,bundesliga,2026_09_05,09:30 AM,Leverkusen,Union Berlin,total35,under,1.8,-125,0.1586257967902689,0.1982822459878361,0.643680998216816,0.1586257967902689,ml_under35_prob,ml_under35_prob,0.5927728414535522,ml_over35_predictability,0.2067095190286636,ml_over35_skip_prob,,,,,,,,,,,2026_09_05,bundesliga,total35,under35,1.8,-125,0.1586257967902689,,,,,,,,Missing Score,0.1586257967902689,0.1982822459878361,0.643680998216816,1.8,-125,0.15_to_0.20,0.15,0.15_to_0.20,0.15,-149_to_-100,-149.0,09,9,0.6_to_0.7,0.6,,missing,
401884801,soccer,bundesliga,2026_09_05,12:30 PM,Schalke,Bayern Munich,total35,under,2.2,120,0.3652666605355462,0.3043888837796217,0.6205757547888846,0.3652666605355462,ml_under35_prob,ml_under35_prob,0.7093935608863831,ml_over35_predictability,0.2171879857778549,ml_over35_skip_prob,,,,,,,,,,,2026_09_05,bundesliga,total35,under35,2.2,120,0.3652666605355462,,,,,,,,Missing Score,0.3652666605355462,0.3043888837796217,0.6205757547888846,2.2,120,0.35_to_0.40,0.35,0.30_to_0.35,0.3,+100_to_+149,100.0,09,9,0.6_to_0.7,0.6,,missing,
401879287,soccer,epl,2026_09_05,10:00 AM,Manchester City,Coventry,btts,yes,2.55,155,0.2258809275882126,0.1457296307020726,0.4807376186620442,0.2258809275882126,ml_btts_yes_prob,ml_btts_yes_prob,0.6092257823130689,ml_btts_predictability,0.2380257572287989,ml_btts_skip_prob,,,,,,,,,,,2026_09_05,epl,btts,btts_yes,2.55,155,0.2258809275882126,,,,,,,,Missing Score,0.2258809275882126,0.1457296307020726,0.4807376186620442,2.55,155,0.20_to_0.25,0.2,0.10_to_0.15,0.1,+150_to_+199,150.0,09,9,0.4_to_0.5,0.4,,missing,
401878781,soccer,epl,2026_09_05,12:30 PM,Hull,Aston Villa,btts,yes,14.0,1300,7.201668201053075,0.5539744770040826,0.5858334429323625,7.201668201053075,ml_btts_yes_prob,ml_btts_yes_prob,0.5546649153971073,ml_btts_predictability,0.2866415259588381,ml_btts_skip_prob,,,,,,,,,,,2026_09_05,epl,btts,btts_yes,14.0,1300,7.201668201053075,,,,,,,,Missing Score,7.201668201053075,0.5539744770040826,0.5858334429323625,14.0,1300,7.20_to_7.25,7.2,0.55_to_0.60,0.55,+300_or_higher,300.0,09,9,0.5_to_0.6,0.5,,missing,
401878780,soccer,epl,2026_09_05,10:00 AM,Nottingham Forest,Tottenham Hotspur,total25,over,1.87,-115,0.2898343499575422,0.3331429309856806,0.6897509892821081,0.2898343499575422,ml_over25_prob,ml_over25_prob,0.5604380807668262,ml_over25_predictability,0.2118715974117486,ml_over25_skip_prob,,,,,,,,,,,2026_09_05,epl,total25,over25,1.87,-115,0.2898343499575422,,,,,,,,Missing Score,0.2898343499575422,0.3331429309856806,0.6897509892821081,1.87,-115,0.25_to_0.30,0.25,0.30_to_0.35,0.3,-149_to_-100,-149.0,09,9,0.6_to_0.7,0.6,,missing,
401882889,soccer,laliga,2026_09_05,12:30 PM,Vallecano,Santander,btts,yes,2.8,180,1.2123252504328264,0.6735140280182369,0.7901161608688666,1.2123252504328264,ml_btts_yes_prob,ml_btts_yes_prob,0.7703669794371235,ml_btts_predictability,0.2137035342063803,ml_btts_skip_prob,,,,,,,,,,,2026_09_05,laliga,btts,btts_yes,2.8,180,1.2123252504328264,,,,,,,,Missing Score,1.2123252504328264,0.6735140280182369,0.7901161608688666,2.8,180,1.20_to_1.25,1.2,0.65_to_0.70,0.65,+150_to_+199,150.0,09,9,0.7_to_0.8,0.7,,missing,
401876473,soccer,ligue1,2026_09_05,11:15 AM,Lens,Lorient,btts,yes,3.65,265,0.8988877555940757,0.3392029266392738,0.5202432207107057,0.8988877555940757,ml_btts_yes_prob,ml_btts_yes_prob,0.5475591519383841,ml_btts_predictability,0.1623364735450513,ml_btts_skip_prob,,,,,,,,,,,2026_09_05,ligue1,btts,btts_yes,3.65,265,0.8988877555940757,,,,,,,,Missing Score,0.8988877555940757,0.3392029266392738,0.5202432207107057,3.65,265,0.85_to_0.90,0.85,0.30_to_0.35,0.3,+250_to_+299,250.0,09,9,0.5_to_0.6,0.5,,missing,
761775,soccer,mls,2026_09_05,07:30 PM,Columbus Crew,Colorado Rapids,btts,yes,1.62,-161,0.0010779738426209,0.0017386674880983,0.617949366569519,0.0010779738426209,ml_btts_yes_prob,ml_btts_yes_prob,0.5739578008651733,ml_btts_predictability,0.2643601596355438,ml_btts_skip_prob,,,,,,,,,,,2026_09_05,mls,btts,btts_yes,1.62,-161,0.0010779738426209,,,,,,,,Missing Score,0.0010779738426209,0.0017386674880983,0.617949366569519,1.62,-161,0.00_to_0.05,0.0,0.00_to_0.05,0.0,-199_to_-150,-199.0,09,9,0.6_to_0.7,0.6,,missing,
401884805,soccer,bundesliga,2026_09_06,11:30 AM,Eintracht Frankfurt,Augsburg,match_odds,draw,3.95,295,0.2281793820449354,0.0773489430660797,0.3109314891253001,0.2281793820449353,engine_draw_prob,ml_draw_prob,0.5398316571503546,ml_1x2_predictability,0.3433752741922738,ml_1x2_skip_prob,0.3109314891253001,engine_draw_prob,0.3109314891253001,engine_draw_prob,0.3109314891253001,engine_draw_prob,3.2161425747297567,0.3109314891253001,engine_draw_prob,3.2161425747297567,2026_09_06,bundesliga,match_odds,draw,3.95,295,0.2281793820449353,,,,,,,,Missing Score,0.2281793820449354,0.0773489430660797,0.3109314891253001,3.95,295,0.20_to_0.25,0.2,0.05_to_0.10,0.05,+250_to_+299,250.0,09,9,0.3_to_0.4,0.3,0.3109314891253001,0.3_to_0.4,0.3
401884805,soccer,bundesliga,2026_09_06,11:30 AM,Eintracht Frankfurt,Augsburg,total35,under,1.8,-125,0.1133280610745117,0.1416600763431397,0.6185155894858398,0.1133280610745117,ml_under35_prob,ml_under35_prob,0.5166701078414917,ml_over35_predictability,0.2203059047460556,ml_over35_skip_prob,,,,,,,,,,,2026_09_06,bundesliga,total35,under35,1.8,-125,0.1133280610745117,,,,,,,,Missing Score,0.1133280610745117,0.1416600763431397,0.6185155894858398,1.8,-125,0.10_to_0.15,0.1,0.10_to_0.15,0.1,-149_to_-100,-149.0,09,9,0.6_to_0.7,0.6,,missing,
401879292,soccer,epl,2026_09_06,11:30 AM,Arsenal,Chelsea,total25,over,1.8,-125,0.279068305497013,0.3488353818712664,0.7105935030538961,0.279068305497013,ml_over25_prob,ml_over25_prob,0.824026456492987,ml_over25_predictability,0.1550446792600117,ml_over25_skip_prob,,,,,,,,,,,2026_09_06,epl,total25,over25,1.8,-125,0.279068305497013,,,,,,,,Missing Score,0.279068305497013,0.3488353818712664,0.7105935030538961,1.8,-125,0.25_to_0.30,0.25,0.30_to_0.35,0.3,-149_to_-100,-149.0,09,9,0.7_to_0.8,0.7,,missing,
401874954,soccer,seriea,2026_09_06,02:45 PM,Juventus,Milan,total25,under,1.71,-141,0.0764311400206757,0.1076494929868671,0.6294918947489332,0.0764311400206757,ml_under25_prob,ml_under25_prob,0.5086107171324948,ml_over25_predictability,0.1953226113085482,ml_over25_skip_prob,,,,,,,,,,,2026_09_06,seriea,total25,under25,1.71,-141,0.0764311400206757,,,,,,,,Missing Score,0.0764311400206757,0.1076494929868671,0.6294918947489332,1.71,-141,0.05_to_0.10,0.05,0.10_to_0.15,0.1,-149_to_-100,-149.0,09,9,0.6_to_0.7,0.6,,missing,
